Q#1: Hva kom du til nettsiden for å gjøre?,Brukeroppgave,Q#2: Hvilken rolle besøker du nettsiden som nå?,Annet: Rolle
"For å verifisere om emailen jeg har fått med faktura virkelig er fra dere, før jeg klikker på linken.
Noreply@Mail.maventa.com",Verfisere e-post med faktura fra Gramo,En bedrift utenfor musikkbransjen,Fotograf
ventemusikk sentralbord,Ventemusikk sentralbord,En bedrift utenfor musikkbransjen,
Velge profil,Velge profil,Ikke svart,
Se om dere har tips til å tjene penger på å komponere,Tips om å komponere musikk,Musiker / Artist som gir ut musikk selv,
Telefonere,Telefonere,Musiker / Artist,
Fikk brev i posten,Svare på brev om bedriften spiller musikk,En bedrift utenfor musikkbransjen,
For å registrere at vi IKKE spiller musikk for kundene,Svare på brev om bedriften spiller musikk,En bedrift utenfor musikkbransjen,
Spiller ikke musikk for mine kunder.,Svare på brev om bedriften spiller musikk,Musiker / Artist,
For å registrere mitt svar,Svare på brev om bedriften spiller musikk,En bedrift utenfor musikkbransjen,Musikalsk instruktør med enkeltmannsforetak
svare på om vi spiller musikk i vår butikk,Svare på brev om bedriften spiller musikk,En bedrift utenfor musikkbransjen,
Svare på om vi spiller musikk for kundene,Svare på brev om bedriften spiller musikk,En bedrift utenfor musikkbransjen,
Gi beskjed om at vi ikke spiller musikk,Svare på brev om bedriften spiller musikk,En bedrift utenfor musikkbransjen,
Registrerer at jeg ikke spiller musikk for mine kunder.,Svare på brev om bedriften spiller musikk,En bedrift utenfor musikkbransjen,
Logga inn for å svare på brev om  Jord og Fjord SA speler musikk. Det har eg svart NEI på før og vil ikkje måtte halde på å svare på det kvar månad,Svare på brev om bedriften spiller musikk,En bedrift utenfor musikkbransjen,
For å svare nei,Svare på brev om bedriften spiller musikk,En bedrift utenfor musikkbransjen,
Svare på tvangsmeldingen tilsendt fra dere.,Svare på brev om bedriften spiller musikk,En bedrift utenfor musikkbransjen,
"Jeg spiller ikke av musikk for kunder, og så i et brev at dette må registreres",Svare på brev om bedriften spiller musikk,Annet,
Spotify-tips,Spotify-tips,Manager,
Spilt på radio,Spilt på radio,Ikke svart,
jeg ønsker å søke støtte,Søke støtte,Ikke svart,
"Logge inn, og se oversikten over utbetalingene for juni...",Sjekke utbetaling,Musiker / Artist som gir ut musikk selv,
Sjekke om jeg har noe opptjent som ikke er betalt ut,Sjekke utbetaling,Musiker / Artist,
se på avregningen,Sjekke utbetaling,Plateselskap,
Utbetaling,Sjekke utbetaling,Musiker / Artist,
Sjekke utbetaling,Sjekke utbetaling,Plateselskap,
Sjekke utbetaling,Sjekke utbetaling,Musiker / Artist,
Se utbetalinger,Sjekke utbetaling,Musiker / Artist,
"prøver å finne avregningsoversikt for 2023. Kan du hjelpe?
mvh Amund Enger",Sjekke utbetaling,Musiker / Artist som gir ut musikk selv,
Sjekke utbetalingene,Sjekke utbetaling,Musiker / Artist,
Se utbetalinger,Sjekke utbetaling,Musiker / Artist,
Sjekke avregning,Sjekke utbetaling,Plateselskap,
Sjekke saldo,Sjekke utbetaling,Musiker / Artist som gir ut musikk selv,
Utbetaling fra gramo,Sjekke utbetaling,Musiker / Artist,
Få tilgang til Isrc-koder og sjekke avregning,Sjekke utbetaling,Musiker / Artist,
undersøke vederlag for en musiker,Sjekke utbetaling,Ikke svart,
Sjekke neste utbetaling / oppdatering av statistikk.....,Sjekke utbetaling,Ikke svart,
Sjekke hva utbetalingen blir,Sjekke utbetaling,Musiker / Artist som gir ut musikk selv,
Sjekke utbetaling,Sjekke utbetaling,Musiker / Artist som gir ut musikk selv,
"Jeg fikk se en melding om at Gramo forbereder utbetaling. Jeg prøvde å logge meg på, men både mailadr og passord var feil, fikk jeg se. Derfor søker jeg på medlemsskap enda jeg i mange år har mottatt utbetalinger fra Gramo",Sjekke utbetaling,Musiker / Artist,
Skjekke utbytte,Sjekke utbetaling,Musiker / Artist,
Sjekke utbetaling,Sjekke utbetaling,Musiker / Artist,
Sjekke utbetaling,Sjekke utbetaling,Musiker / Artist,
Sjekke utbetaling,Sjekke utbetaling,Musiker / Artist,
Se om jeg hadde penger tilgode,Sjekke utbetaling,Musiker / Artist,
Se min utbetaling,Sjekke utbetaling,Musiker / Artist,
Sjekke utbetalinger,Sjekke utbetaling,Musiker / Artist,
Sjekket utbetaling,Sjekke utbetaling,Musiker / Artist,
Sjekke utbetalingen,Sjekke utbetaling,Musiker / Artist,
Utbetaling til meg,Sjekke utbetaling,Musiker / Artist,
Sjekke utbetalingssaldo,Sjekke utbetaling,En bedrift utenfor musikkbransjen,
Se på utbetaling,Sjekke utbetaling,Musiker / Artist,
Sjekke avregning,Sjekke utbetaling,Musiker / Artist,
Sjekke gramo-utbetalinger,Sjekke utbetaling,Musiker / Artist,
Sjekke utbetaling,Sjekke utbetaling,Ikke svart,
please can i have a track level payment statement for our December payment?,Sjekke utbetaling,Manager,
Se min gramo avregning og hente ned excel-ark for alle spilte for 2024.,Sjekke utbetaling,Musiker / Artist,
Sjekke utbetaling,Sjekke utbetaling,Musiker / Artist,
sJEKKE UTBETALING,Sjekke utbetaling,Musiker / Artist,
Sjekke utbetaling som skal skje i dag.,Sjekke utbetaling,Musiker / Artist,
Sjekke utbetaling,Sjekke utbetaling,Musiker / Artist,
Se på avregningen,Sjekke utbetaling,Musiker / Artist,
Sjekke utbetalinger,Sjekke utbetaling,Musiker / Artist,
Sjekke utbetaling,Sjekke utbetaling,Musiker / Artist,
se utbetaling,Sjekke utbetaling,Musiker / Artist,
Sjekke utbetaling,Sjekke utbetaling,Musiker / Artist,
Se på innkomne lroner,Sjekke utbetaling,Musiker / Artist,Styreleder i familieselskap som forvalter min fars rettigheter som musiker og artist mv
se uitbetalingen,Sjekke utbetaling,,
Se etter utbetaling,Sjekke utbetaling,Musiker / Artist,
"Hei, jeg kan ikke se å ha mottatt siste betaling",Sjekke utbetaling,Musiker / Artist,
Se på min utbetaling,Sjekke utbetaling,Musiker / Artist,
"Heisann, jeg har litt over 2000kr på gramo brukeren min og la inn kort informasjonen min idag, når kan jeg få det utbetalt?",Sjekke utbetaling,Musiker / Artist,
sjekke utbetalinger,Sjekke utbetaling,Musiker / Artist som gir ut musikk selv,
"Hei! Så at jeg fikk penger fra Gramo nå. På nettsiden står det 100k, men fikk bare 41k på konto. Hvorfor?",Sjekke utbetaling,Musiker / Artist,
Se avregninger,Sjekke utbetaling,Annet,
"Hei, jeg har fått feil utbetaling fra dere. Hvem snakker jeg med?",Sjekke utbetaling,Musiker / Artist,
Jeg har ikke fått utbetalingen min. Hvorfor ikke?,Sjekke utbetaling,Musiker / Artist,
Sjekke at alt ser riktig ut,Sjekke status / oppdatere hva som er registrert i Gramo,Plateselskap,
Se om låtene mine er registrert i Gramo,Sjekke status / oppdatere hva som er registrert i Gramo,Musiker / Artist som gir ut musikk selv,
Sjekke status,Sjekke status / oppdatere hva som er registrert i Gramo,Plateselskap,
Sjekke utgivelser,Sjekke status / oppdatere hva som er registrert i Gramo,Musiker / Artist,
sjekke ut ting,Sjekke status / oppdatere hva som er registrert i Gramo,Musiker / Artist som gir ut musikk selv,
For å se på singel utgivelsen. Men her var det ingenting av en eller annen grunn?,Sjekke status / oppdatere hva som er registrert i Gramo,Musiker / Artist som gir ut musikk selv,
"sjekke mine registrerte låter, og om noe må etterregistreres",Sjekke status / oppdatere hva som er registrert i Gramo,Musiker / Artist,
Bare sjekker status,Sjekke status / oppdatere hva som er registrert i Gramo,Ikke svart,
For å sjekke om riktig bankkontonr er registrert på meg.,Sjekke status / oppdatere hva som er registrert i Gramo,Musiker / Artist som gir ut musikk selv,
sjekke diskografi,Sjekke status / oppdatere hva som er registrert i Gramo,Musiker / Artist,
For å finne ut om innspillinger jeg har vært med på har blitt registrert. Det har de med svært få unntak ikke blitt. Er tydeligvis for dårlige rutiner hos de ansvarlige.,Sjekke status / oppdatere hva som er registrert i Gramo,Musiker / Artist,
Sjekke diskografi,Sjekke status / oppdatere hva som er registrert i Gramo,Musiker / Artist,
"Kun for å sjekke noe på min katalog, men kode ble sendt til en tlf jeg ikke lenger har nummer til +34 602135559, jeg husker ikke nummer 100% men nytt nummer er +34 600 321 541 og dere kan gjerne ringe meg hvis dere vil ha mer bekreftelse eller maile meg på arvidberge@hotmail.com",Sjekke status / oppdatere hva som er registrert i Gramo,Plateselskap,
For å logge inn og undersøke mine registrerte innspillinger,Sjekke status / oppdatere hva som er registrert i Gramo,Musiker / Artist,
Følge opp diskografi og forbrede ny utgivelse,Sjekke status / oppdatere hva som er registrert i Gramo,Musiker / Artist som gir ut musikk selv,
"Sjekke om et album var registrert. Hvis ikke, registrere det.",Sjekke status / oppdatere hva som er registrert i Gramo,Musiker / Artist,
Sjekke staus,Sjekke status / oppdatere hva som er registrert i Gramo,Musiker / Artist som gir ut musikk selv,
Se om jeg hadde lagt inn min siste utgivelse her,Sjekke status / oppdatere hva som er registrert i Gramo,Musiker / Artist som gir ut musikk selv,
"Har vært i studio og spilt inn tre låter, har med nye folk i bandet og måtte bare sjekke innom slik at de som ikke er medlem i Gramo kan melde seg inn.",Sjekke status / oppdatere hva som er registrert i Gramo,Musiker / Artist,
For å se om alt var i orden. Evt om jeg burde oppdatere noe.,Sjekke status / oppdatere hva som er registrert i Gramo,Musiker / Artist,
For å sjekke utgivelsesnummer,Sjekke status / oppdatere hva som er registrert i Gramo,Plateselskap,
Sjekke om alle utgivelser var registrert,Sjekke status / oppdatere hva som er registrert i Gramo,Musiker / Artist,
for å sjekke info til utgivelse,Sjekke status / oppdatere hva som er registrert i Gramo,Ikke svart,
Sjekke om all de siste utgivelsene er registrert,Sjekke status / oppdatere hva som er registrert i Gramo,Musiker / Artist,
Logge meg inn å se hvilke låter jeg er kreditert på,Sjekke status / oppdatere hva som er registrert i Gramo,Musiker / Artist,
Sjekke diskografien.,Sjekke status / oppdatere hva som er registrert i Gramo,Ikke svart,
Sjekke om en plate var registrert som jeg er med på,Sjekke status / oppdatere hva som er registrert i Gramo,Musiker / Artist,
Sjekke om jeg er registrert på en låt som nylig er utgitt,Sjekke status / oppdatere hva som er registrert i Gramo,Musiker / Artist,
Sjekke min konto,Sjekke status / oppdatere hva som er registrert i Gramo,Musiker / Artist som gir ut musikk selv,
Bare for å være oppdatert. Har tenkt å registrere ny utgivelse snart der jeg er både produsent og utøver.,Sjekke status / oppdatere hva som er registrert i Gramo,Musiker / Artist som gir ut musikk selv,
Sjekke sida mi,Sjekke status / oppdatere hva som er registrert i Gramo,Musiker / Artist,
Sjekke om jeg var lagt til som utøver på noen produksjoner.,Sjekke status / oppdatere hva som er registrert i Gramo,Musiker / Artist,
Sjekke mine produksjoner,Sjekke status / oppdatere hva som er registrert i Gramo,Musiker / Artist som gir ut musikk selv,
Sjekke diskografi,Sjekke status / oppdatere hva som er registrert i Gramo,Musiker / Artist,
Sjekke mine registrerte opplysninger,Sjekke status / oppdatere hva som er registrert i Gramo,Musiker / Artist som gir ut musikk selv,
Sjekke om jeg er registrert og evt endre opplysninger,Sjekke status / oppdatere hva som er registrert i Gramo,Musiker / Artist som gir ut musikk selv,
Sjekke detaljer i noen av utgivelsene mine,Sjekke status / oppdatere hva som er registrert i Gramo,Musiker / Artist som gir ut musikk selv,
"Hei!
Tror vi er medlem av GRAMO, men over 20 år siden vi sist var  i kontakt med dere :)  Kan du sjekke om Lube Records fortsatt er registrert? 
Mvh Eivind",Sjekke status / oppdatere hva som er registrert i Gramo,Plateselskap,
Finne ut mer om ISRC + få profilen min oppdatert slik jeg burde gjort for flere år siden,Sjekke status / oppdatere hva som er registrert i Gramo,Musiker / Artist som gir ut musikk selv,
Se oppdateringer.,Sjekke status / oppdatere hva som er registrert i Gramo,Musiker / Artist,
Hvorfor er det flere registreringer på samme utgivelse?,Sjekke status / oppdatere hva som er registrert i Gramo,Musiker / Artist,
sjekke om ver er registrert,Sjekke status / oppdatere hva som er registrert i Gramo,Musiker / Artist,
"Sjekka oppdatert informasjon, pluss lasta ned nokre dokumenta (statistikk, årsmeldingar, årsmøtedokumenta, osb.)",Sjekke status / oppdatere hva som er registrert i Gramo,Musiker / Artist,
For å se om profilen min er oppdatert med de siste utgivelsene jeg har vært med på.,Sjekke status / oppdatere hva som er registrert i Gramo,Musiker / Artist,CMO
Heisann! Jeg fikk beskjed av en artist jeg jobber med om å ta kontakt. Jeg har vist ingen produsent profil hos dere.,Sjekke status / oppdatere hva som er registrert i Gramo,Musiker / Artist som gir ut musikk selv,"Studenproduksjon, teater"
Se oversikt,Sjekke status / oppdatere hva som er registrert i Gramo,Musiker / Artist,
Sjekke pris,Sjekke pris,En bedrift utenfor musikkbransjen,
sjekke priser og vilkår,Sjekke pris,Musiker / Artist som gir ut musikk selv,
Pris pr år tivoli,Sjekke pris,En bedrift utenfor musikkbransjen,
sjekke pris,Sjekke pris,En bedrift utenfor musikkbransjen,Webradio
Jeg driver en svømmehall og lurer på hva det vil koste pr år å spille musikk enkelte dager for våre gjester?,Sjekke pris,En bedrift utenfor musikkbransjen,
"Hello, I´m from IPF, k.o. Slovenia. Collective org. for producers and performers. I´m searching tarrif for taxi at your page. Do you calculate remuneration for using music in a taxi?",Sjekke pris,Annet,
"Finne pris for bruk av innspillt musikk i studentproduksjon, teater",Sjekke pris,Annet,
Finne tono kostnaden for nærradio,Sjekke pris,Annet,
Beregne avgift for kundelokale,Sjekke pris,En bedrift utenfor musikkbransjen,
Jeg prøver å finne ut hva forskjellige næringer må betale for å bruke musikk. Ser at prisene er veldig lave. F.eks 'Både bakgrunns- og høy musikk' i et serveringslokale på 150-200kvm koster bare 11674 kr pr år. Denne summen burde vel egentlig være pr kveld for å matche det det koster å leie inn musikere for å produsere musikken.,Sjekke pris,Musiker / Artist som gir ut musikk selv,
100,Sjekke pris,En bedrift utenfor musikkbransjen,
"Hei, how can I find out the costs for a webradio playing music? I only found lokal radio calculator. Thanks",Sjekke pris,Radio,
Sjekke pris,Sjekke pris,En bedrift utenfor musikkbransjen,
lisens på musikk brukt på web/sosiale medier,Sjekke pris,En bedrift utenfor musikkbransjen,
"Hei! Jeg eier 1 butikk, men jobber med å åpne 2 til butikker. Får man noen kvantumsrabatt ved flere lokasjoner?",Sjekke pris,En bedrift utenfor musikkbransjen,
Sjekke om nonza,Sjekke om Nonza,Musiker / Artist som gir ut musikk selv,
sjekke om jeg fortsatt er medlem,Sjekke om jeg har bruker / medlemskap hos Gramo,Musiker / Artist som gir ut musikk selv,
"Hei, usikker på om jeg har bruker hos gramo eller ikke. Under artistnavn Mathilde Teigen.. kan dere se noe?",Sjekke om jeg har bruker / medlemskap hos Gramo,Musiker / Artist,
Sjekke om jeg er medlem,Sjekke om jeg har bruker / medlemskap hos Gramo,Musiker / Artist,
Hei er jeg Kenneth Michaelsen medlem?,Sjekke om jeg har bruker / medlemskap hos Gramo,Musiker / Artist som gir ut musikk selv,
hvordan vet jeg om låten min har blitt spillelistet på nrk p13 radio,Sjekke om en låt er spillelistet på radio,Musiker / Artist,
Koster det noe å få copyright til en tekst,Sjekke om det koster noe å få copyright til en tekst,Musiker / Artist som gir ut musikk selv,
Sjekke nye Gramonummer,Sjekke nye Gramonummer,Plateselskap,
Sjekke om det er aktuelt for meg å melde meg inn.,Sjekke medlemsfordeler / vurdere medlemsskap,Musiker / Artist som gir ut musikk selv,
"Finne ut hvem som kan være medlem, om artisten jeg er manager for burde være medlem her i tillegg til i TONO. Og for å finne standardkontrakt/forslag til kontrakt mellom artist og manager",Sjekke medlemsfordeler / vurdere medlemsskap,Manager,
Får medlemmer forsikring?,Sjekke medlemsfordeler / vurdere medlemsskap,Ikke svart,
Informasjon Vurderer medlemsskap,Sjekke medlemsfordeler / vurdere medlemsskap,Musiker / Artist som gir ut musikk selv,
"Hei, koster det penger og være medlem?",Sjekke medlemsfordeler / vurdere medlemsskap,Musiker / Artist som gir ut musikk selv,Master
Sjekke om jeg bør bli medlem,Sjekke medlemsfordeler / vurdere medlemsskap,Musiker / Artist,
hva er medlemsfordelene,Sjekke medlemsfordeler / vurdere medlemsskap,Ikke svart,
"For å se om Gramo er det rette for meg når det gjelder opphavsrett til låter jeg har skrivd. Er i ett band ifra Sverige, som jeg er vokalist og låtskriver i og ville se litt ang dette om opphavsrett.",Sjekke medlemsfordeler / vurdere medlemsskap,Musiker / Artist,
"Jeg er medlem av tono, skal jeg også være medlem av gramo.",Sjekke medlemsfordeler / vurdere medlemsskap,Musiker / Artist som gir ut musikk selv,
"Skal melde meg inn i tono, må eg da samtidig registrere meg i gramo?",Sjekke medlemsfordeler / vurdere medlemsskap,Musiker / Artist som gir ut musikk selv,
Sjekke hva det koster å bli medlem,Sjekke medlemsfordeler / vurdere medlemsskap,Musiker / Artist,Kjernekar
Hvor mye koster det å være medlem,Sjekke medlemsfordeler / vurdere medlemsskap,Musiker / Artist som gir ut musikk selv,
koster det penger her?,Sjekke medlemsfordeler / vurdere medlemsskap,Annet,
Sjekke kontoinformasjon,Sjekke kontoen,Musiker / Artist som gir ut musikk selv,
Sjekke kontoen min!,Sjekke kontoen,Ikke svart,
Sjekke konto,Sjekke kontoen,Musiker / Artist,Låtskriver
Sjekke konto,Sjekke kontoen,Ikke svart,
Sjekke min konto,Sjekke kontoen,Musiker / Artist som gir ut musikk selv,Privat som mener at alle Norske musikere skal spilles like mye på NRK og ikke bare et fåtall utvalgte.
"Sjekke Intercom vs Skyra :-)
Mvh Are",Sjekke Intercom vs Skyra :-),Annet,
sjekke registreringer,Sjekke info på registrerte innspilling(er),Musiker / Artist,
Sjekke metadata,Sjekke info på registrerte innspilling(er),,
Søke opp en sang med ISRC-kode,Sjekke info på registrerte innspilling(er),Manager,
"HEi, jeg trenger å sende mail til dere for å sjekke hva dere har registrert på et sted vi har",Sjekke hva som er registrert på en bedrift,En bedrift utenfor musikkbransjen,
For å finne ut hva en låtskriver tjener på avspillinger,Sjekke hva man kan tjene / få utbetalt,Annet,
Estimere utbetaling på bakgrunn av antall avspillinger på radio,Sjekke hva man kan tjene / få utbetalt,Manager,
"Ønsker å finne ut hvor mye, eks.: Åge Aleksandersen får fra NRK når han blir spilt i allefall 5 ganger i døgnet?",Sjekke hva man kan tjene / få utbetalt,Annet,
Hei! Vår butikk vil gjerne spille musikk for våre gjester. Hva vil dette koste?,Sjekke hva det koster,En bedrift utenfor musikkbransjen,
Oppdatere mob nr,Sjekke / Oppdatere kontaktinformasjon,Musiker / Artist,
For å forandre konto opplysninger.,Sjekke / Oppdatere kontaktinformasjon,Musiker / Artist,
Endre kundeopplysninger,Sjekke / Oppdatere kontaktinformasjon,En bedrift utenfor musikkbransjen,
endre bankkontonummer,Sjekke / Oppdatere kontaktinformasjon,Musiker / Artist som gir ut musikk selv,
endre navn,Sjekke / Oppdatere kontaktinformasjon,Plateselskap,
Sjekke kontaktinfo,Sjekke / Oppdatere kontaktinformasjon,Musiker / Artist som gir ut musikk selv,
Skifte e-postadresse,Sjekke / Oppdatere kontaktinformasjon,Ikke svart,
Legge inn nytt kontonummer,Sjekke / Oppdatere kontaktinformasjon,Musiker / Artist som gir ut musikk selv,
Hei. Hvordan endrer man tlf nr som er registrert på vårt orgnr?,Sjekke / Oppdatere kontaktinformasjon,En bedrift utenfor musikkbransjen,
Bytte bankkonto,Sjekke / Oppdatere kontaktinformasjon,Musiker / Artist,
Oppgradere mine opplysninger,Sjekke / Oppdatere kontaktinformasjon,Musiker / Artist som gir ut musikk selv,
Skifte adresse og bankkontonr,Sjekke / Oppdatere kontaktinformasjon,Musiker / Artist,
"Endre bankkonto
Og det fikk jeg til",Sjekke / Oppdatere kontaktinformasjon,Musiker / Artist,
"Hei! Når man har hatt et orgnr. knyttet til Gramo og bedriften har endret navn og orgnr. hvordan går vi frem for å finne og overføre de gamle opplysningene?
Tidligere registrert orgnr. 985 480 672 (MORROWLAND Ronny Andre Reierstad)
Nytt orgnr. 931 219 022 (Morrowland Reierstad)
Mvh
Ingrid og Ronny Reierstad",Sjekke / Oppdatere kontaktinformasjon,Plateselskap,
"hei jeg ser at mitt gamle firmanavn fortsatt er registrert, vi har nytt navn nå, for en tid siden var jeg i kontakt med dere vedrørende vår registrantkode, fikk beskjed at jeg kunne bruke den fortsatt men den er registrert på et firma som er lagt ned og ett nytt er opprettet, ville gjerne hatt det nye navnet registrert på min side",Sjekke / Oppdatere kontaktinformasjon,Musiker / Artist som gir ut musikk selv,Privatperson
Jeg hadde feil kontonummer registrert i gramo.,Sjekke / Oppdatere kontaktinformasjon,Musiker / Artist,
Hei. Jeg ønsker å flytte labelet mitt fra mitt enkeltpersonsforetak til mitt AS. Hvordan gjør jeg? Og hvor lang tid tar dette?,Sjekke / Oppdatere kontaktinformasjon,Musiker / Artist som gir ut musikk selv,
hvem eier de enkelte sporene på en innspilling,Sjekke / oppdatere eierskap på en innspilling,Musiker / Artist som gir ut musikk selv,
Finne info om hvordan en kan overføre en albumproduksjon fra ett plateselskap til et annet,Sjekke / oppdatere eierskap på en innspilling,Plateselskap,Student
Se hvem som har rettigheter til en plateutgivelse,Sjekke / oppdatere eierskap på en innspilling,,
"Jeg kom for å se om dere har lagt til Soundmachine nå som ""godkjent"" strømmetjeneste","""Sjekke """"godkjente"""" strømmetjenester""",En bedrift utenfor musikkbransjen,
"Sikre roaylties. Jeg komponerer musikk, skriver også noen tekster selv. Spiller gitar og synger.",Sikre royalties,Musiker / Artist som gir ut musikk selv,
Finne oversikt over hvor mange ganger en låt ble spilt på radio,Se statistikk,Annet,
Se statistikken,Se statistikk,Musiker / Artist som gir ut musikk selv,En som betaler Gramo
Eg kom dit for å sjå på statistikken.,Se statistikk,Musiker / Artist,
Se topplistene,Se statistikk,Musiker / Artist,
Sjekke statistikk fra radioavspillinger til en skoleoppgave.,Se statistikk,Annet,
Se min side,Se Min side,Musiker / Artist,
Se «min side»,Se Min side,Musiker / Artist,
Sjekke min side,Se Min side,Musiker / Artist,
Se min side,Se Min side,Musiker / Artist,
Se hva Gramo bruker pengene på,Se hva Gramo bruker pengene på,En bedrift utenfor musikkbransjen,
Se avspillinger,Se avspillinger,Musiker / Artist,
I have a problem with my performing credit on Spotify. I wanted to fix that.,Rette krediteringsfeil på Spotify,Musiker / Artist,
Registrere musikkavtale,Registrere musikkavtale for bedriften min,En bedrift utenfor musikkbransjen,
Registrere restauranten,Registrere musikkavtale for bedriften min,En bedrift utenfor musikkbransjen,
Registrere bedrift,Registrere musikkavtale for bedriften min,En bedrift utenfor musikkbransjen,
innspilt musikk for teater,Registrere musikkavtale for bedriften min,En bedrift utenfor musikkbransjen,
Reg.,Registrere musikkavtale for bedriften min,En bedrift utenfor musikkbransjen,
"jeg leter etter skjema for å registere musikk til 
danseforestillinger",Registrere musikkavtale for bedriften min,En bedrift utenfor musikkbransjen,
"Hei, jeg har prøvd å kontakte dere via mail uten å få noe svar. dette gjelder åpning av ny butikk i oslo og ønsker å spille bakgrunnsmusikk, etter hva jeg har forstått trenger jeg da en avtale med med dere og tono, tono har vi allerede signert",Registrere musikkavtale for bedriften min,En bedrift utenfor musikkbransjen,
"hei! vi har lyst til å begynne å spille musikk på kontoret vårt. for det meste er vi tre stykker som kommer til å høre dette, men tidvis kan det være flere. hva slags avtaler trenger vi her?",Registrere musikkavtale for bedriften min,En bedrift utenfor musikkbransjen,
Rapportere Gramo,Registrere musikkavtale for bedriften min,En bedrift utenfor musikkbransjen,
Bli medlem da jeg er artist,Registrere meg / Bli medlem / Opprette bruker i Gramo,Musiker / Artist som gir ut musikk selv,
For å lese om hvordan registere seg som medlem i Gramo,Registrere meg / Bli medlem / Opprette bruker i Gramo,Musiker / Artist som gir ut musikk selv,
Registrere meg og et firma,Registrere meg / Bli medlem / Opprette bruker i Gramo,Musiker / Artist som gir ut musikk selv,
Bli medlem,Registrere meg / Bli medlem / Opprette bruker i Gramo,Plateselskap,
Melde meg inn,Registrere meg / Bli medlem / Opprette bruker i Gramo,Musiker / Artist som gir ut musikk selv,
"Melde meg inn i Gramo, samt koder for albumutgivelser.",Registrere meg / Bli medlem / Opprette bruker i Gramo,Musiker / Artist som gir ut musikk selv,
Melde meg inn,Registrere meg / Bli medlem / Opprette bruker i Gramo,Musiker / Artist,
opprette bruker,Registrere meg / Bli medlem / Opprette bruker i Gramo,Musiker / Artist,
Bli medlem,Registrere meg / Bli medlem / Opprette bruker i Gramo,Musiker / Artist som gir ut musikk selv,
Registrere meg som artist og vokalist,Registrere meg / Bli medlem / Opprette bruker i Gramo,Musiker / Artist,
Registrere meg,Registrere meg / Bli medlem / Opprette bruker i Gramo,Musiker / Artist som gir ut musikk selv,
Registrere meg som medlem,Registrere meg / Bli medlem / Opprette bruker i Gramo,Musiker / Artist som gir ut musikk selv,
For å registrere meg som nytt medlem,Registrere meg / Bli medlem / Opprette bruker i Gramo,Musiker / Artist,
Registrere meg som musiker,Registrere meg / Bli medlem / Opprette bruker i Gramo,Musiker / Artist,
registrere meg som utøvende musiker,Registrere meg / Bli medlem / Opprette bruker i Gramo,Musiker / Artist,
Registrere meg på Gramo,Registrere meg / Bli medlem / Opprette bruker i Gramo,Musiker / Artist som gir ut musikk selv,
Registrere meg,Registrere meg / Bli medlem / Opprette bruker i Gramo,Musiker / Artist,
Registrere medlemskap,Registrere meg / Bli medlem / Opprette bruker i Gramo,Musiker / Artist,
"Jeg har vært sessionmusiker på en venn sine innspillinger, og han anbefalte meg å bli medlem hvis låtene spilles på radio",Registrere meg / Bli medlem / Opprette bruker i Gramo,Musiker / Artist,
Regostrere konto,Registrere meg / Bli medlem / Opprette bruker i Gramo,Musiker / Artist,
Bli medlem.,Registrere meg / Bli medlem / Opprette bruker i Gramo,Musiker / Artist som gir ut musikk selv,
Registrere meg,Registrere meg / Bli medlem / Opprette bruker i Gramo,Musiker / Artist som gir ut musikk selv,
skal jeg melde inn gruppen eller bare meg selv. altså skal jeg bruke mailen til bandet eller in personlige mail når jeg lager konto?,Registrere meg / Bli medlem / Opprette bruker i Gramo,Musiker / Artist som gir ut musikk selv,
Hei! Når får jeg konto hos dere?,Registrere meg / Bli medlem / Opprette bruker i Gramo,Musiker / Artist som gir ut musikk selv,
Registrere meg som frilansutøver.,Registrere meg / Bli medlem / Opprette bruker i Gramo,Musiker / Artist,
Bli medlem,Registrere meg / Bli medlem / Opprette bruker i Gramo,Musiker / Artist,
Registrere meg,Registrere meg / Bli medlem / Opprette bruker i Gramo,Musiker / Artist,
Finne ut om jeg kvalifiserer til medlemsskap,Registrere meg / Bli medlem / Opprette bruker i Gramo,Musiker / Artist som gir ut musikk selv,
Registrere meg som medlem,Registrere meg / Bli medlem / Opprette bruker i Gramo,Musiker / Artist,
Registrering,Registrere meg / Bli medlem / Opprette bruker i Gramo,Musiker / Artist,
Registeret meg på gramo,Registrere meg / Bli medlem / Opprette bruker i Gramo,,
registrere meg i gramo,Registrere meg / Bli medlem / Opprette bruker i Gramo,Musiker / Artist som gir ut musikk selv,
Opprette bruker,Registrere meg / Bli medlem / Opprette bruker i Gramo,Musiker / Artist som gir ut musikk selv,
litt informasjon samt å bli medlem,Registrere meg / Bli medlem / Opprette bruker i Gramo,Musiker / Artist som gir ut musikk selv,
Registrere meg som medlem av gruppe og utøver på utgitt musikk,Registrere medlem(er) i en gruppe,Musiker / Artist,
Registrere meg i en gruppe,Registrere medlem(er) i en gruppe,Musiker / Artist som gir ut musikk selv,
Registrere meg i en gruppe,Registrere medlem(er) i en gruppe,Musiker / Artist,
Registere band,Registrere medlem(er) i en gruppe,Musiker / Artist,
Synger i Bergen Filharmonisk kor,Registrere medlem(er) i en gruppe,Musiker / Artist,
"Hei! Kan dere legge meg inn i gruppen Sekretariatet? 
Det samme kan dere gjøre med Magnus Askjer Lefsaker og Henning Askjer Lefsaker også :)",Registrere medlem(er) i en gruppe,Musiker / Artist som gir ut musikk selv,
Opprette en utgivelse,Registrere innspilling(er),Musiker / Artist som gir ut musikk selv,
hva mener dere med sidenummer og spornummer når man oppretter en ny utgivelse i Gramo?,Registrere innspilling(er),Musiker / Artist som gir ut musikk selv,
Registrere låt,Registrere innspilling(er),Musiker / Artist,
Registrere en EP,Registrere innspilling(er),Musiker / Artist som gir ut musikk selv,
Registrere utgivelse.,Registrere innspilling(er),Musiker / Artist,
"Heisann! Jeg lurer på hva produsentrettigheten for en låt vil si i forhold til utøver? Dersom jeg registerer en ep hvor jeg har produsert noen låter, en annen produsent har produsert noen andre låter, og vokalist og begge produsenter er utøvere. Hvordan gjør jeg det riktig?",Registrere innspilling(er),Musiker / Artist som gir ut musikk selv,
For å registrere musikkrettigheter,Registrere innspilling(er),Musiker / Artist som gir ut musikk selv,
melde inn ny innspilling,Registrere innspilling(er),Musiker / Artist,
Opprette ny utgivelse med et nytt band,Registrere innspilling(er),Musiker / Artist som gir ut musikk selv,
Registrere sang i gramo,Registrere innspilling(er),Musiker / Artist,
Registrere låt,Registrere innspilling(er),Musiker / Artist,
Registrere ny utgjeving og hente ISRC-koder til den.,Registrere innspilling(er),Plateselskap,
legge inn utøvere,Registrere innspilling(er),Musiker / Artist som gir ut musikk selv,
For å begynne å legge inn titler og isrc koder til et album,Registrere innspilling(er),Musiker / Artist som gir ut musikk selv,
registrere utgivelse,Registrere innspilling(er),Musiker / Artist som gir ut musikk selv,
Registrere en sang,Registrere innspilling(er),Musiker / Artist som gir ut musikk selv,
Oppdatere diskografi,Registrere innspilling(er),Musiker / Artist som gir ut musikk selv,
La inn ny utgivelse,Registrere innspilling(er),Musiker / Artist som gir ut musikk selv,
Registrere ny låt...,Registrere innspilling(er),Musiker / Artist som gir ut musikk selv,
Registrere låt,Registrere innspilling(er),Musiker / Artist som gir ut musikk selv,
Registrere ny innspilling,Registrere innspilling(er),Musiker / Artist som gir ut musikk selv,
Registrere ny låt,Registrere innspilling(er),Musiker / Artist,
"Registrere egenkomponert, og innspilt musikk.",Registrere innspilling(er),Musiker / Artist,
Registrere meg på mine utgivelser,Registrere innspilling(er),Musiker / Artist,
registrere låtene mine som akkurat er lansert,Registrere innspilling(er),Musiker / Artist,
legge inn ny låt jeg har koret på,Registrere innspilling(er),Musiker / Artist,
Registrering for utbetaling,Registrere innspilling(er),Musiker / Artist,
Registrere ny utgivelse :),Registrere innspilling(er),Musiker / Artist som gir ut musikk selv,
registrera titlar,Registrere innspilling(er),Plateselskap,
"Må jeg signere dokumentene før jeg kan fylle inn info om nye utgivelser. Har fylt ut tre nå, men de dukker ikke opp på start siden",Registrere innspilling(er),Musiker / Artist som gir ut musikk selv,
Registrere ny utgivelse,Registrere innspilling(er),Ikke svart,
Registrere at je har produsert medvirket på en låt,Registrere innspilling(er),Musiker / Artist,
"Hei Bastian! Jeg skal gi ut ny plate på mitt eget selskap. Skal jeg bruke samme identifikant-kode for ISRC-koder som sist? I.E. NO3WU, så år, utgivelsesnr, spornr, også 0 på slutten? Hilsen Inger",Registrere innspilling(er),Musiker / Artist som gir ut musikk selv,
Melde spilling på nytt album,Registrere innspilling(er),Musiker / Artist,
Registrere låter,Registrere innspilling(er),Musiker / Artist som gir ut musikk selv,
registrere låter,Registrere innspilling(er),Musiker / Artist,
for å registrere nye låta mi som blir lansert i oktober',Registrere innspilling(er),Musiker / Artist som gir ut musikk selv,
"Hei! Bandet mitt gir ut plate og vi lurer på om alle i bandet bør registrere seg individuelt, eller om det er nok at en gjør det for alle i bandet?",Registrere innspilling(er),Musiker / Artist som gir ut musikk selv,
Få hjelp til å registrere låter på meg.,Registrere innspilling(er),Musiker / Artist som gir ut musikk selv,
Prøver igjen og igjen og registrere utgivelse hos gramo.,Registrere innspilling(er),Musiker / Artist,
"Hei
Det er nok svært lenge siden jeg har vært inne på mine sider. Tror jeg er medlem hos dere da jeg får noen små utbetalinger i ny og ne. ønsker å oppdatere og registrere innspillinger jeg har vært med på, men har trolig ikke noe aktiv konto. kan du hjelpe meg?",Registrere innspilling(er),Musiker / Artist som gir ut musikk selv,
Registrere ny musikk,Registrere innspilling(er),Musiker / Artist som gir ut musikk selv,
Registrere låter som skal på egenkomponert album :),Registrere innspilling(er),Musiker / Artist som gir ut musikk selv,
Registrere musikk,Registrere innspilling(er),Musiker / Artist,
legge til en sang jeg hadde glemt å legge inn,Registrere innspilling(er),Musiker / Artist,
registrere verk,Registrere innspilling(er),Musiker / Artist,
Registrere nytt album,Registrere innspilling(er),Musiker / Artist,
registrere en utgivelse,Registrere innspilling(er),Musiker / Artist,
Registrere,Registrere innspilling(er),Musiker / Artist som gir ut musikk selv,
Legge inn ny utgivelse: Høsten av Øyvind Nicolaysen,Registrere innspilling(er),Musiker / Artist som gir ut musikk selv,
Legge in en ny sang,Registrere innspilling(er),Musiker / Artist,
Registrere innspillinger,Registrere innspilling(er),Plateselskap,
registrere et verk,Registrere innspilling(er),Musiker / Artist,
Registrere,Registrere innspilling(er),Musiker / Artist som gir ut musikk selv,
"Jeg vil registrere et plateselvskap å få hjelp til: end inn informasjon om den fysiske utgivelsen:
For din kassettutgivelse må du gi Gramo følgende detaljer:

Katalognummer: Som vi diskuterte, er dette den unike identifikatoren for din utgivelse. Det kan være noe som ""LBL001"" for din første utgivelse.
Tittel på utgivelsen: Navnet på albumet eller EP-en.
Artist(er): Alle artister involvert i utgivelsen.
Sangtitler og varighet: Oppgi titlene på alle sporene på kassetten og lengden på hvert spor.
ISRC-koder: Disse er unike identifikatorer for individuelle spor (International Standard Recording Codes). Hvis du ikke har ISRC-koder, kan Gramo generere dem for deg, eller du kan få dem fra en annen tjeneste hvis du er produsent.
3. ISRC-koder:
ISRC-koder er nødvendige for å spore og registrere fremføringen av individuelle spor. Gramo vil gi deg ISRC-koder hvis du ber om dem når du registrerer utgivelsen.
Du kan også generere dem selv hvis du har mulighet til å utstede ISRC-er. Men å bruke Gramos tjeneste er vanligvis enklere, spesielt for uavhengige labeler.
4. Velg format:
Når du registrerer, må du sørge for å spesifisere at utgivelsen er en fysisk kassett. Gramo sporer både fysiske og digitale utgivelser, så det er viktig å indikere at det er en kassettutgivelse.
5. Last opp eller send inn fysiske kopier:
Du må kanskje gi en prøve av utgivelsen din (fysisk eller digital). Dette hjelper Gramo med å verifisere detaljene om utgivelsen og spore den i systemet deres for royaltyinnsamling.
6. Royaltyinnsamling:
Når utgivelsen er registrert, vil Gramo samle inn royalties på dine vegne når musikken din spilles offentlig—på radio, TV, strømmetjenester eller på steder. Dette vil være basert på dataene fra din innsendte utgivelse.
7. Få utgivelsesnummeret ditt:
Gramo vil tildele et utgivelsesnummer til kassetten din etter at du har sendt inn de nødvendige opplysningene. Dette nummeret er viktig for å spore utgivelsen og motta royalties fra offentlige fremføringer.
8. Følg opp med oppdateringer:
Hvis du planlegger å gi ut mer musikk i fremtiden, må du oppdatere Gramo-kontoen din med detaljer om hver ny utgivelse, inkludert katalognumre, artistnavn og sporlistene for hver ny kassett eller digital utgivelse.",Registrere innspilling(er),Plateselskap,
Registrere ny utgivelse,Registrere innspilling(er),Musiker / Artist som gir ut musikk selv,
Registrere verk,Registrere innspilling(er),Musiker / Artist som gir ut musikk selv,
Opprette ny bruker for å registrere musikk.,Registrere innspilling(er),Ikke svart,
Enter a new recording,Registrere innspilling(er),Plateselskap,
Legge til innspillinver,Registrere innspilling(er),Musiker / Artist som gir ut musikk selv,
registrere låter,Registrere innspilling(er),Ikke svart,
Registrere låter,Registrere innspilling(er),Musiker / Artist som gir ut musikk selv,
Anmelde ny albumutgivelse.,Registrere innspilling(er),Musiker / Artist som gir ut musikk selv,
Skal registrere en låt,Registrere innspilling(er),Musiker / Artist,
Legge inn et album i diskografien,Registrere innspilling(er),Plateselskap,
ny verk anmeldelse,Registrere innspilling(er),Musiker / Artist som gir ut musikk selv,
Registrere sanger,Registrere innspilling(er),Musiker / Artist som gir ut musikk selv,
Koble meg til innspillinger jeg er med på.,Registrere innspilling(er),Musiker / Artist,
Eg vil registrere at eg har sunget på ein innspilling som sikkert kjem til å bli spelt på radio,Registrere innspilling(er),Musiker / Artist,
registrere et verk,Registrere innspilling(er),Musiker / Artist som gir ut musikk selv,
melde inn nytt verk,Registrere innspilling(er),Musiker / Artist som gir ut musikk selv,
registrere verk,Registrere innspilling(er),Musiker / Artist som gir ut musikk selv,
Registrere ny musikk.,Registrere innspilling(er),Musiker / Artist,
Registrere musikk,Registrere innspilling(er),Musiker / Artist som gir ut musikk selv,
Registrere utgivelser,Registrere innspilling(er),Musiker / Artist som gir ut musikk selv,
Registrere nytt album,Registrere innspilling(er),Musiker / Artist som gir ut musikk selv,
Registrere verk,Registrere innspilling(er),Musiker / Artist som gir ut musikk selv,
Legge inn tre utgivelser,Registrere innspilling(er),Musiker / Artist,
å registrere nytt verk,Registrere innspilling(er),Plateselskap,
Registrere utgivelser og innspillinger.,Registrere innspilling(er),Musiker / Artist som gir ut musikk selv,
Registrere to sanger produsert og utgitt på Distro Kid 2024 03 24,Registrere innspilling(er),Musiker / Artist som gir ut musikk selv,
"Hei! Jeg har gitt ut musikk selvstendig, men registrert det som utøver fremfor personlig produsent. Det gjelder et par sanger som nå da ligger på feil. Kan dette flyttes over? Og hvilke konsekvenser har det at jeg registrerte det sangene på utøver og ikke personlig prosuent?",Registrere innspilling(er),Ikke svart,
"Jeg skulle sjekke om jeg var registrert på en utgivelse. Jeg er ikke registrert som utøver på en sang som heter Speedo dude, men utgiver har ikke registrert meg. Hvordan får jeg til det?",Registrere innspilling(er),Musiker / Artist,
Registrere,Registrere innspilling(er),Musiker / Artist som gir ut musikk selv,
Registrere sang,Registrere innspilling(er),Musiker / Artist som gir ut musikk selv,
Legge inn en ny låt,Registrere innspilling(er),,
Registrere nytt album,Registrere innspilling(er),,
Registrere innspilt album,Registrere innspilling(er),Musiker / Artist,
registrere ei ny låt,Registrere innspilling(er),Musiker / Artist som gir ut musikk selv,
"hei! jeg prøver å registrere en sang jeg og en annen artist la ut i november i fjor, siden hun ikke hadde fått det til og når når jeg prøver så funker alt, ISRC koden stemmer og alt av informasjonen jeg har lagt inn stemmer, men når jeg trykker på ""fullfør og se utgivelsen"" så kommer det opp "" Skjemaet inneholder ugyldige verdier."" Hva skal jeg gjøre? har gått gjennom informasjonen2 ganger og alt stemmer?",Registrere innspilling(er),Musiker / Artist som gir ut musikk selv,
registrere ny låt,Registrere innspilling(er),Musiker / Artist,
Skjønne hvordan jeg skal legge inn utøvere riktig.,Registrere innspilling(er),Musiker / Artist som gir ut musikk selv,
Legge til musikere i planlagt utgivelse,Registrere innspilling(er),Musiker / Artist som gir ut musikk selv,
LEGGE INN NY UTGIVELSE,Registrere innspilling(er),Musiker / Artist som gir ut musikk selv,
"Legge til en ny utgivelse
og jeg ønsker å endre artistnavn på alle mine gamle utgivelser",Registrere innspilling(er),Musiker / Artist som gir ut musikk selv,
Jeg skal utgi en singel og vil registrere singelen i gramo. Lurer på hvor jeg kan finne info om katalognummer,Registrere innspilling(er),Musiker / Artist som gir ut musikk selv,
Reigistrere ny utgivelse,Registrere innspilling(er),,
Sjekke prosedyre for registrering av verk.,Registrere innspilling(er),,
Legge inn/registrere to sanger. Jeg fikk ikke lagt til selskapets navn: Round Robin Productions AS,Registrere innspilling(er),Musiker / Artist som gir ut musikk selv,
Hjelp til ny albumutgivelse,Registrere innspilling(er),Musiker / Artist som gir ut musikk selv,
"Hei, jeg vil legge til flere innspillinger jeg har vært med på, men sliter med å finne ut hvordan jeg skal gjøre det! Noe har endret seg siden sist jeg gjorde det.",Registrere innspilling(er),Musiker / Artist,
registrere verk,Registrere innspilling(er),Musiker / Artist,
Registrere verk,Registrere innspilling(er),Musiker / Artist,
Registrere verk,Registrere innspilling(er),Musiker / Artist,
For å registrere verk,Registrere innspilling(er),Musiker / Artist,
Registrere innspillinger,Registrere innspilling(er),Musiker / Artist som gir ut musikk selv,
Registrere låter i grammo:),Registrere innspilling(er),Musiker / Artist som gir ut musikk selv,
Registrere ny utgivelse.,Registrere innspilling(er),Musiker / Artist som gir ut musikk selv,
Hvor registrerer jeg meg som utøver på sanger?,Registrere innspilling(er),Musiker / Artist,
Anmelde nye innspillinger,Registrere innspilling(er),Musiker / Artist som gir ut musikk selv,
Registrerer ny plateutgivelse,Registrere innspilling(er),Plateselskap,
Jeg er en profesjonelle musiker som pianist og sanger. Jeg vil presentere bakgrunnsmusikk av pop.repertoaret både moderne klassisk og mye deilig jazz. Mvh .S,Presentere bakgrunnsmusikk av pop.repertoaret,Musiker / Artist,
Planlegge innspilling,Planlegge innspilling,Musiker / Artist som gir ut musikk selv,
"Finne ut hva katalognummer er, for bestilling av vinyl.",Ordne med label eller katalognummer,Musiker / Artist,
Sjekke label og katalognummer..,Ordne med label eller katalognummer,Musiker / Artist som gir ut musikk selv,
Finne ut om katalognummer er det jeg tror det er,Ordne med label eller katalognummer,Musiker / Artist som gir ut musikk selv,
sjekke info om hvordan registrere katalog nummer,Ordne med label eller katalognummer,Plateselskap,
"For å lese ""Alt om ISRC""",Ordne med ISRC,Plateselskap,
er ferdig med 10 låter som jeg har laget og som jeg ønsker  registrere for å få ISRC,Ordne med ISRC,Musiker / Artist som gir ut musikk selv,
Finne ISCR-kode på en av utgivelsene mine,Ordne med ISRC,Musiker / Artist,
isrc kode,Ordne med ISRC,Musiker / Artist som gir ut musikk selv,
Hadde4 glemt hvordan jeg bygger opp ICRS-koden,Ordne med ISRC,Musiker / Artist som gir ut musikk selv,
"Hei
hvordan finner man ut hva isrc-koden til låta si er",Ordne med ISRC,Musiker / Artist,
"Hei!
Jeg vil gjerne få ISRC-kode til en låt jeg skal utgi.",Ordne med ISRC,Musiker / Artist som gir ut musikk selv,
Finne ISRC koder,Ordne med ISRC,Musiker / Artist som gir ut musikk selv,
Finne ut av ISRC koder,Ordne med ISRC,Musiker / Artist,
Finne en isrc-kode,Ordne med ISRC,Plateselskap,
For å sjekke opp om ISRC-kode,Ordne med ISRC,Musiker / Artist som gir ut musikk selv,
Finne ut av ISRC,Ordne med ISRC,Musiker / Artist som gir ut musikk selv,
få ISCR koder,Ordne med ISRC,Musiker / Artist som gir ut musikk selv,
"Hei,
Skal registrere 6 nye låter digitalt hos tono. Hvor finner jeg ISRC kode?
Mvh.
Jon Dagsland",Ordne med ISRC,Musiker / Artist som gir ut musikk selv,
For å få info om ISRC-coder,Ordne med ISRC,Musiker / Artist som gir ut musikk selv,
Få registrantkode,Ordne med ISRC,Musiker / Artist,
Sjekke ISRC koder,Ordne med ISRC,Musiker / Artist som gir ut musikk selv,
for å få isrc kode til ei låt som skal gis ut,Ordne med ISRC,Musiker / Artist som gir ut musikk selv,
"Hvis jeg har tidligere utgitte singler som alle har ISRC låtnummer 01,hvordan blir det å sette de sammen på et album?",Ordne med ISRC,Musiker / Artist,
Sjekke ISRC-koder,Ordne med ISRC,Musiker / Artist,
Finne registrantkode,Ordne med ISRC,Musiker / Artist som gir ut musikk selv,
"Finne en ISRC kode, Men siden jeg er på ferie i Filippinene så kom ikke koden gjennom til min Spanske telefon.",Ordne med ISRC,Plateselskap,
Sjekke ISRC oppsett,Ordne med ISRC,Musiker / Artist som gir ut musikk selv,
søke om isrc kode,Ordne med ISRC,Musiker / Artist som gir ut musikk selv,
Få et isrc nummer,Ordne med ISRC,Musiker / Artist som gir ut musikk selv,
I can’t find my producer code,Ordne med ISRC,Musiker / Artist,
Registere meg så jeg kan lage en ISRC kode for en sang som jeg skal slippe ut. skal ikke bli artist men er en bucked liste å slippe ut en låt for de det er mulig.,Ordne med ISRC,Musiker / Artist som gir ut musikk selv,
Finne ut av hvordan jeg kan legge inn isrc på det jeg har lagt ut på Spotify og YouTube,Ordne med ISRC,Musiker / Artist som gir ut musikk selv,
sjekke ISRC-koder,Ordne med ISRC,Musiker / Artist som gir ut musikk selv,
Hvordan få ISRC kode,Ordne med ISRC,Musiker / Artist,
Få ISRC kode på låta mi :),Ordne med ISRC,Musiker / Artist,
registrere isrc,Ordne med ISRC,Musiker / Artist som gir ut musikk selv,
ISCR,Ordne med ISRC,Musiker / Artist som gir ut musikk selv,
Finne ut hvordan få ISRC-kode,Ordne med ISRC,Musiker / Artist som gir ut musikk selv,
Hvordan får jeg isrc kode,Ordne med ISRC,Musiker / Artist som gir ut musikk selv,
"For å finne ut av dette med ISRCkoder, og hvordan jeg får registrert sangene mine.",Ordne med ISRC,Musiker / Artist som gir ut musikk selv,
Når får man isrc koden sin,Ordne med ISRC,Musiker / Artist som gir ut musikk selv,
Opplysninger om ISRC,Ordne med ISRC,Musiker / Artist,
"trenger å opprette en isrc kode for innspillinger ..
en ep.",Ordne med ISRC,Musiker / Artist som gir ut musikk selv,
lage icsr kode,Ordne med ISRC,Musiker / Artist som gir ut musikk selv,
Sjekke prosess med innhenting av isrc,Ordne med ISRC,Musiker / Artist som gir ut musikk selv,
ISRC koder,Ordne med ISRC,Musiker / Artist som gir ut musikk selv,
Finne ISRC,Ordne med ISRC,Musiker / Artist som gir ut musikk selv,
Lage ISRC,Ordne med ISRC,Plateselskap,
hvordan for jeg registrant kode,Ordne med ISRC,Musiker / Artist som gir ut musikk selv,
Hvordan få isrc kode?,Ordne med ISRC,Musiker / Artist,
Lese om ISRC,Ordne med ISRC,Musiker / Artist som gir ut musikk selv,
lage ISRC kode,Ordne med ISRC,Musiker / Artist som gir ut musikk selv,
Kom for å sjekke ISRC-koder på mine utgivelser,Ordne med ISRC,Musiker / Artist som gir ut musikk selv,
Registrantkode,Ordne med ISRC,Musiker / Artist som gir ut musikk selv,
Finne isrc,Ordne med ISRC,Musiker / Artist som gir ut musikk selv,
Hei! Jeg kan ikke finne registrantkode på min side. Hva skal jeg gjøre da?,Ordne med ISRC,Musiker / Artist som gir ut musikk selv,
isrc,Ordne med ISRC,Plateselskap,
isrc,Ordne med ISRC,Musiker / Artist,
Spørsmål ISRC kode,Ordne med ISRC,Musiker / Artist som gir ut musikk selv,
få isrc kode,Ordne med ISRC,Ikke svart,
Trenger ISRC-kode ifm utgivelse. Hva gjør jeg?,Ordne med ISRC,Musiker / Artist,
"Hei.!
Hva er Indeks i en ISRC kode..?",Ordne med ISRC,Musiker / Artist som gir ut musikk selv,
sjekke om komponistnavn skal være med i isrc koden,Ordne med ISRC,Plateselskap,
oprette en isrc kode,Ordne med ISRC,Musiker / Artist,
Spørsmål om registrantkode og ISRC,Ordne med ISRC,Musiker / Artist som gir ut musikk selv,
Hvordan får jeg opprettet en ISRC nr? Mvh Jane,Ordne med ISRC,Musiker / Artist som gir ut musikk selv,
Få tilgang til Isrc-koder og sjekke avregning,Ordne med ISRC,Musiker / Artist,
Sjekke ISRC på låten En sommerdag,Ordne med ISRC,Musiker / Artist som gir ut musikk selv,
hva er ISRC kode og hvor finner man den?,Ordne med ISRC,Musiker / Artist,
dobbeltsjekke ISCR nummer,Ordne med ISRC,Plateselskap,
Lese om ISRC-kode,Ordne med ISRC,Musiker / Artist som gir ut musikk selv,
Registrere en ny sang og opprette ISRC,Ordne med ISRC,Musiker / Artist,
Bestille ISRC kode,Ordne med ISRC,Plateselskap,
finne ut av isrc-kode,Ordne med ISRC,Musiker / Artist som gir ut musikk selv,
Legge inn ISRC på sanger,Ordne med ISRC,Musiker / Artist som gir ut musikk selv,
Lete etter informasjon rundt ISRC,Ordne med ISRC,Musiker / Artist,
ISRC-kode,Ordne med ISRC,Musiker / Artist,
"Jeg trenger  en ISRC kode for å registrere en sang i TONO, puedo obtenerlo de ustedes?",Ordne med ISRC,Musiker / Artist som gir ut musikk selv,
Hei Jeg representerer artisten Joonas og holder på med å registrere nye vært hos Tono og blir spurt om ISRC kode,Ordne med ISRC,Manager,
"Lage isrc koden på ny låt av 
 viktor trosten",Ordne med ISRC,Musiker / Artist som gir ut musikk selv,
"Jeg har deltat på en Ep og en singel som utøver og låtskriver, gitt ut på strømmetjenester,  men får ikke til å lagre fordi jeg mangler katalognummer og irc nummer. Hvor får jeg dette?",Ordne med ISRC,Musiker / Artist,
finne isrc kode oppbyggingen,Ordne med ISRC,Musiker / Artist,
For å finne ut om ISCR koden ligger embedded i musikkfilen fra mastering eller om den kan endres etterpå,Ordne med ISRC,Plateselskap,
ISRC kode,Ordne med ISRC,Musiker / Artist som gir ut musikk selv,
Informasjon om registrantkode,Ordne med ISRC,Musiker / Artist som gir ut musikk selv,
Lese om å registrere ISRC-koder.,Ordne med ISRC,Musiker / Artist,
"Hei. 
jeg skal legge ut noen nye låter men husker ikke hvordan det fungere... 
kunne du hjulpet meg med det? 
hovedsaklig angående ISRC code men også... lurte jeg på angående utøver og personlig produser biten",Ordne med ISRC,Musiker / Artist som gir ut musikk selv,
"Hey, 
Me and my band are releasing a song ina few days in Norway. As a band member do I need a spesific id code",Ordne med ISRC,Musiker / Artist,
Sjekke hvordan ISCR-koden skal være bygget opp,Ordne med ISRC,Plateselskap,
Finne isrc-kode,Ordne med ISRC,Musiker / Artist,
ISRC,Ordne med ISRC,Musiker / Artist,
Finne ut mer om ISRC + få profilen min oppdatert slik jeg burde gjort for flere år siden,Ordne med ISRC,Musiker / Artist som gir ut musikk selv,
ISRC kode,Ordne med ISRC,Musiker / Artist,
Rydde opp i ISRC-koder.,Ordne med ISRC,Musiker / Artist som gir ut musikk selv,
prøver å få registrert isrc på en tidligere utgitt cd,Ordne med ISRC,Musiker / Artist,
"hei
finner ikke ut hva er isrc-koden til plata mi",Ordne med ISRC,Musiker / Artist,
"Ønsker å registrere medvirkning på album utgitt i 1977, men finner ikke ISRC koden",Ordne med ISRC,Musiker / Artist,
ISRC,Ordne med ISRC,Musiker / Artist,
Sjekke ISRC,Ordne med ISRC,Plateselskap,
Oppsigelse,Oppsigelse,En bedrift utenfor musikkbransjen,
Oppsigelse,Oppsigelse,En bedrift utenfor musikkbransjen,
si opp,Oppsigelse,En bedrift utenfor musikkbransjen,
Plaza kafe&amp;spiseri as skal stenger i 31-12.Fint vis betaling skal stoppe i disse dato,Oppsigelse,En bedrift utenfor musikkbransjen,
oppsigelse av kontrakt,Oppsigelse,,
skal si opp. vi har lagt ned bedriften,Oppsigelse,,
Oppdatering av medlemskap.,Oppdatere medlemskap,Musiker / Artist som gir ut musikk selv,
"Hei, hvordan kan jeg endre gramo kontoen min til å bli både utøver og produsent?",Oppdatere medlemskap,Ikke svart,
legge til utøverstatus,Oppdatere medlemskap,Musiker / Artist,
Logge inn. Bli mer kjent med Gramo. Oppdatere mine verk og min profil.,Oppdatere medlemskap,Musiker / Artist som gir ut musikk selv,
Endre min rolle som produsent,Oppdatere medlemskap,Ikke svart,
"piano noter, løvenes konge",Noter,,
Norsk radio,Norsk radio,En bedrift utenfor musikkbransjen,
Mai kutta nahi hu,Mai kutta nahi hu,Musiker / Artist,
Må jeg svare på dette?,Må jeg svare på dette?,,
Hello I am a gramo member but I can not eneter into min side,Logge inn,Musiker / Artist,
HVordan logger jeg inn som label?,Logge inn,Plateselskap,
Hei. LOgge meg på. Har medlemsnr men ikke passord og mailen er ikke,Logge inn,Musiker / Artist som gir ut musikk selv,
får ikke logget in,Logge inn,Musiker / Artist som gir ut musikk selv,
Bytte telefonnummer så jeg får logget inn.,Logge inn,Musiker / Artist som gir ut musikk selv,
"Hei, jeg klarer ikke å logge på, det står at tjenesten for verifisering er utilgjengelig.",Logge inn,Musiker / Artist,
Hur loggar jag in?,Logge inn,En bedrift utenfor musikkbransjen,
hei jeg får 404 feil når jeg skal logge inn,Logge inn,Plateselskap,
"Hei. Forøke å logge meg inn. Det går ikke,  så jeg har sendt mail til en kollega av deg som jeg mailet med i fjor.",Logge inn,Musiker / Artist,
logge inn på min side,Logge inn,Musiker / Artist som gir ut musikk selv,
"Logge inn på mine sider og endre personlige opplysninger. Har feil telefonnr registert. Men får ikke logget inn, pga feil gammelt telefon nr, kode sendt som jeg ikke får tak i",Logge inn,Plateselskap,Artist
sjekke innlogging,Logge inn,Musiker / Artist,
hei jeg finner ikke mailen som er brukt til min Gramo,Logge inn,Musiker / Artist,
"Logge inn på ""Min side""",Logge inn,Musiker / Artist,
Logge på min side,Logge inn,Musiker / Artist,
"logge inn, slik jeg ble bedt om",Logge inn,Musiker / Artist,
For å logge inn,Logge inn,Musiker / Artist som gir ut musikk selv,
"Hi  bastian! I am trying to login to minside.gramo.no but after typing in the on time code, only get redirected to the login page. max.ehwald@rightz.audio - would be great if you could help me out, thx max",Logge inn,Manager,
Logge inn  men siden er iversiktelog,Logge inn,Annet,
"Jeg har ikke telefon, kan jeg logge in uten engangskode?",Logge inn,,
logge inn,Logge inn,Musiker / Artist,
logge inn,Logge inn,Plateselskap,
log in,Logge inn,Musiker / Artist,
Gå inn på Min Side,Logge inn,Musiker / Artist som gir ut musikk selv,Artist om spe?
Gå til min side,Logge inn,Musiker / Artist,
Logge inn,Logge inn,Musiker / Artist,Nada
"Skulle logge inn, men mulig medlemskap er utløpt. Torkild Veraas, TV-Records. torkild@hotmail.com",Logge inn,Musiker / Artist som gir ut musikk selv,
"Hei, jeg får ikke logget meg på da det er mitt gamle telefonnummer som er knyttet til kontoen min og får engangskoden. Hva gjør jeg?",Logge inn,Musiker / Artist,
Se om jeg fikk logget på brukeren min,Logge inn,Musiker / Artist som gir ut musikk selv,
"hei for ikke logga meg inn på min konto 
lenge siden jeg har logget meg inn",Logge inn,Musiker / Artist,
"Skal bruke musikk til en video, hvor søker jeg om lisensiering",Lisens til å bruke musikk i video,En bedrift utenfor musikkbransjen,
Lese litt om artistformidling.,Lese om artistformidling,Musiker / Artist,
Jeg skal legge egenkomponert musikk ut på streamingtjeneste med bandet mitt,Legge ut musikk på en streamingtjeneste,Musiker / Artist som gir ut musikk selv,spiller musikk i kafeen
Hørte jeg kan legge ut sangtekster og om noen kjøper så kan jeg få en prosent av,Legg ut sangtekster,Annet,
Hvordan sette inn coverbilder,Legg til info på en innspilling,Plateselskap,
Laste ned ventemusikk til et telefon sentralbord. ble videresendt via en link fra Telenor,Laste ned ventemusikk,,
"Sjekka oppdatert informasjon, pluss lasta ned nokre dokumenta (statistikk, årsmeldingar, årsmøtedokumenta, osb.)",Laste ned dokumenter,Musiker / Artist,
laget musikk,Laget musikk,Ikke svart,
Lage kontrakt om filmmusikk,Lage kontrakt om filmmusikk,Musiker / Artist,"amatør musiker, hobby-pianist."
Lære,Lære,Musiker / Artist som gir ut musikk selv,
Trenger en fakturakopi vedr Nobel Cafe fra 2023,Kopi av faktura/kreditnota,En bedrift utenfor musikkbransjen,
"Hei vi trenger kreditnota på en faktura so vi har betalt i mai,Den var redigert men vi har ikke fått kreditnota.Mvh Beata fra LilleUnivers",Kopi av faktura/kreditnota,En bedrift utenfor musikkbransjen,
finne faktura,Kopi av faktura/kreditnota,En bedrift utenfor musikkbransjen,Musikkforlag
Stille et spørsmål,Kontakte oss,Musiker / Artist som gir ut musikk selv,
Finne kontaktperson,Kontakte oss,En bedrift utenfor musikkbransjen,
"Prøver å ringe, men i gen svarer",Kontakte oss,Annet,
kundeservice,Kontakte oss,Musiker / Artist,
Stille et spørsmål,Kontakte oss,En bedrift utenfor musikkbransjen,
Finne telefonnummeret deres.,Kontakte oss,Musiker / Artist som gir ut musikk selv,
Finne telefonnummer,Kontakte oss,Plateselskap,
Finne mailadressen deres,Kontakte oss,Annet,
Heisann,Kontakte oss,Musiker / Artist som gir ut musikk selv,
"søke etter e post, finner ikke?",Kontakte oss,Ikke svart,Nysgjerrig
"Hei, har dere en epost-adresse eller telefonnummer til en avdeling hos dere som håndterer fakturaer?",Kontakte oss,En bedrift utenfor musikkbransjen,
kontakt,Kontakte oss,En bedrift utenfor musikkbransjen,"Som en internettradio broadcaster, hvis den tittelen finnes :)
Jeg lurer på om å lansere non-commercial internettradio."
For å finne telefonnummer,Kontakte oss,Musiker / Artist som gir ut musikk selv,Webradio
"jeg prøver ringe, men kommer ikke gjennom",Kontakte oss,Musiker / Artist som gir ut musikk selv,Ansatt i radio
"Hello Bastian, I am in touch with Mr Berhnardsen but I understand he works part time now. When I email him, who should I copy on the email please?",Kontakte oss,Musiker / Artist,Nettradio
Kan man søke penger for stemmen sin brukt på radio i jingler?,Kan man søke penger for stemmen sin brukt på radio i jingler?,En bedrift utenfor musikkbransjen,Hobbydriver av en Webradio
Jeg er låtskriver å sanger,Jeg er låtskriver å sanger,Musiker / Artist,
Ja,Ja,Annet,
Ingenting,Ingenting,Annet,
Jeg kom hit for info om betaling/er til artister hvis jeg lanserer et internettradio/webstreaming.,Info om webradio,Radio,
"Hei. Jeg lurer på om å lansere et webradio hvor jeg strømmer låter hjemme fra. Dette blir non-commercial radio. Bare for moro skyld fordi jeg er veldig glad i musikk og liker å introdusere ny musikk til publikum. Trenger jeg lisens for å drive webradio? Jeg har lest at hvis det er commercial radio, da må den betale for lisens. Men hvis jeg gjør dette kun som en enthusiast og helt på min egen regning, (timen det tar å holde ute sånn minimalt system, snakke med låtskrivere/artister, samle inn låter og så videre) får ingen støtte fra noen som helst, tar ikke betalt for å spille musikk, gjør alt selv og som sagt, får ingen penger inn i likningen, trenger jeg da lisens? 
Hva med honorar til låtskrivere/artister? Må det betales også selv om dem får gratis introdusering av låtene sine, hvor jeg nevner hvor låtene kan strømmes og kjøpes? (Gratis advert for dem) Hvis det ikke er kommet frem ennå da tenker jeg på en HELT gratis radio på nettet. Og skal strømmes av en webside jeg har hos Google. Jeg håper på positive svar :) 

Nota Bene, jeg har sent samme melding til TONO og fått konkret svar fram dem, men der fikk jeg vita at jeg må ha lisens i tillegg med lisens fra TONO, ha lisens fra GRAMO også. Stemmer det?
Hvis det stemmer, hvor mye pr måned/år blir det dat?

Dette blir webradio med opp til 512 lyttere. Jeg kommer til å bruke server som har kun 512 slot.
Men jeg regner med at det første året blir det ikke mer en ca 20 til 200 daglige lyttere.

""Prisen er 791 kroner per måned for nettradioer med årlig inntekt under 100 000 kroner.""
Dette ville da gjelde meg?

MVH
Palli

Páll Sigurður Björnsson.
pallibj@gmail.com
926 96 336",Info om webradio,Radio,
Lese om regler for webradio,Info om webradio,Radio,
Webradio,Info om webradio,Annet,Festival
Nei jeg kom for å lese mer om hvordan det fungerer for Webradio-,Info om webradio,Annet,
Spørsmål om rettigheter på musikk av norske komponister og tekstforfattere,Info om rettigheter og forvaltning,Musiker / Artist,Kan du svare på spørsmålet?
"Hei
Jeg er produsent på en plate for en artist som gis ut nå i høst, og lurer på hvilke rettigheter jeg har med tanke på royalties ved radiospilling, etc",Info om rettigheter og forvaltning,Musiker / Artist,
Lære om performance royalties,Info om rettigheter og forvaltning,En bedrift utenfor musikkbransjen,
Finne ut om hvordan sikre rettigheter til innspilt og distribuert musikk,Info om rettigheter og forvaltning,Musiker / Artist,
kildehenvisning i essay om bransjekunnskap. Leitar spesifikt etter rettighetar og forvaltning,Info om rettigheter og forvaltning,Musiker / Artist,
Lære om rettigheter i forb m innspilling av musikk,Info om rettigheter og forvaltning,Musiker / Artist,
Finne informasjon om innspillingsrettigheter,Info om rettigheter og forvaltning,Annet,
Finne ut noe om Royaltyrettigheter for musikere,Info om rettigheter og forvaltning,Plateselskap,
Går utbetalingene fra GRAMO via TONO?,Info om rettigheter og forvaltning,Annet,
"Sjekke regler, og er litt forvirret.",Info om rettigheter og forvaltning,,Student innenfor Musikk business
Få informasjon om opphavsrett,Info om rettigheter og forvaltning,Musiker / Artist,
"Jeg vil gjerne vite hva dette betyr
Vederlag for bruk av innspilt musikk¹",Info om rettigheter og forvaltning,,
Sjekke info om Gramo,Info om Gramo,Ikke svart,
Er dere som PPL,Info om Gramo,Ikke svart,
Jeg hater Gramo så jeg kom for å finne ut av hvorfor i helvette dere eksisterer,Info om Gramo,Ikke svart,
Lære om gramo,Info om Gramo,Musiker / Artist som gir ut musikk selv,
"forstå ting, syns egt fortsatt gramo er forvirrende",Info om Gramo,Musiker / Artist som gir ut musikk selv,
Finne informasjon om hva Gramo gjør,Info om Gramo,Annet,
Lære om GRAMO og hvordan registrere musikken sin,Info om Gramo,Musiker / Artist,
Få informasjon,Info om Gramo,Musiker / Artist,bedrift frisør
Opplysninger om gramo,Info om Gramo,En bedrift utenfor musikkbransjen,
finne info,Info om Gramo,Musiker / Artist som gir ut musikk selv,
Jeg kom hit for å lære om hva gramo er,Info om Gramo,,
jeg skal gi ut min første sang og var nysgjerrig på hvordan GRAMO funker,Info om Gramo,Musiker / Artist,
Det er en faktura som jeg fikk i dag,Info om faktura eller kredinota,En bedrift utenfor musikkbransjen,
Jeg har fått en kreditnota fra dere,Info om faktura eller kredinota,,Hhhhhhhh
sjekke tidligere faktura fra dere,Info om faktura eller kredinota,En bedrift utenfor musikkbransjen,
Hvorfor må eg betale gramo?,Info om faktura eller kredinota,Annet,
lese nyhet om arv,Info om arv,Musiker / Artist som gir ut musikk selv,
"Lese om årsmøtet, mest for å sjekke om det er åpent for alle medlemmer.",Info om årsmøtet,Plateselskap,
ikke enda,Ikke enda,,
hvordan velge bort gramo og tono.,Hvordan velge bort Gramo,En bedrift utenfor musikkbransjen,
"Hei, hva betyr lyseblå bakgrunn på platekontrakt.:)",Hva betyr lyseblå bakgrunn på platekontrakt,Musiker / Artist,
Høre musikk,Høre musikk,Annet,
Spille musikk,Høre musikk,Musiker / Artist,
Høre musikken fra 60 og 70 og 80 og 90 tallet,Høre musikk,Ikke svart,
hjelp,Hjelp,Musiker / Artist som gir ut musikk selv,arving
Hei! Jeg finner ikke noe sted å hente bilag for desemberutbetaling som godkjennes av regnskap. Hvor finner jeg dette?,Hente bilag til regnskap,,
hente bilag til regnskap,Hente bilag til regnskap,Musiker / Artist som gir ut musikk selv,
Hente årsoppgave,Hente / sjekke årsoppgave,Musiker / Artist som gir ut musikk selv,
hente årsoppgave,Hente / sjekke årsoppgave,Musiker / Artist som gir ut musikk selv,Kulturskole
Sjekke årsoppgave,Hente / sjekke årsoppgave,Musiker / Artist som gir ut musikk selv,
Få årsoppgave for 2024,Hente / sjekke årsoppgave,Plateselskap,
Hente ut årsoppgaver for utøver og produsent,Hente / sjekke årsoppgave,Musiker / Artist som gir ut musikk selv,
Årsoppgaven,Hente / sjekke årsoppgave,Annet,
Årsoppgave,Hente / sjekke årsoppgave,Musiker / Artist,
Se årsmeldingen,Hente / sjekke årsoppgave,Musiker / Artist,
Hei! Er du et menneske?,Hei! Er du et menneske?,,
Hei,Hei,Annet,
Finne grunnlag for faktura,Grunnlag for faktura,En bedrift utenfor musikkbransjen,Produsent / musikalsk leder
For å finne ut hvorfor jeg får regning fra dere,Grunnlag for faktura,En bedrift utenfor musikkbransjen,
Finne ut av hvem dere er og hvorfor dere har sendt oss inkassovarsel,Grunnlag for faktura,En bedrift utenfor musikkbransjen,
"Hei!
Hvorfor får jeg regning fra dere som restaurant?",Grunnlag for faktura,En bedrift utenfor musikkbransjen,
Sjekke om det er riktig at jeg skal betale til både tono og gramo,Grunnlag for faktura,En bedrift utenfor musikkbransjen,
"jeg bruker ikke radio, hvorfor må jeg betale?",Grunnlag for faktura,,idrettsarrangement
"Har fått faktura, forsøker finne ut for hva.",Grunnlag for faktura,En bedrift utenfor musikkbransjen,
Google,Google,Musiker / Artist,
Finne siden om godkjennelse av musikalsk leder,Godkjenning av musikalsk leder,Annet,
Godkjenning av endringsønske.,Godkjenning av endringsønske,Musiker / Artist,
Jeg har tenkt å gi ut bedre mix av sanger jeg allerede har gitt ut,Gi ut bedre mix av sanger,Musiker / Artist som gir ut musikk selv,
for å gi beskjed ang en fakura,Gi beskjed om faktura,En bedrift utenfor musikkbransjen,
Hei. Trenger man både Tono- og Gramomedlemskap?,Forskjellen på Gramo og Tono,Musiker / Artist som gir ut musikk selv,
er dette det samme som tono ?,Forskjellen på Gramo og Tono,En bedrift utenfor musikkbransjen,
Om mine butikker må betale til både Gramo og Tono,Forskjellen på Gramo og Tono,En bedrift utenfor musikkbransjen,
Hva er forskjellen på tono og gramo?,Forskjellen på Gramo og Tono,En bedrift utenfor musikkbransjen,
Finne ut om royalities,Finne ut om royalties,Musiker / Artist som gir ut musikk selv,
finne ut om plateselskap,Finne ut om plateselskap,Musiker / Artist som gir ut musikk selv,
"Hei, Vi er en gruppe med flere avdelinger. Kan man ha en egen gruppeavtale samlet for alle avdelinger til en fordelaktig avgiftspris?",Finne ut om man kan ha en gruppeavtale,En bedrift utenfor musikkbransjen,
Finne ut om jag må registrere mye inspillte sanger her,Finne ut om jeg må reigstrere innspillinger her,Musiker / Artist,
Skal ny låt registreres både i Gramo og TONO?,Finne ut om innspilling skal registreres både i Gramo og Tono?,Musiker / Artist,
Foreldelse,Finne ut om foreldelse,Musiker / Artist,
når er det utbetaling?,Finne ut når det er utbetaling,Musiker / Artist,
Sjekke neste utbetaling,Finne ut når det er utbetaling,Musiker / Artist,
Se dato for utbetaling,Finne ut når det er utbetaling,Musiker / Artist,
Når kommer neste utbetaling?,Finne ut når det er utbetaling,Musiker / Artist,
"Finne ut når jeg får utbetalt. Fikk beskjed om utbetaling i mars, men vet ikke mer.",Finne ut når det er utbetaling,Musiker / Artist som gir ut musikk selv,
finne ut når det er utbetaling,Finne ut når det er utbetaling,Musiker / Artist,
Dato for utbetaling,Finne ut når det er utbetaling,Musiker / Artist,
Planlagte utbetalinger,Finne ut når det er utbetaling,Plateselskap,
Finne ut hvordan jeg starter eget plateselskap.,Finne ut hvordan jeg starter plateselskap,Musiker / Artist som gir ut musikk selv,
finne ut hvordan AI påvirker musikken,Finne ut hvordan AI påvirker musikken,Musiker / Artist,
Hvilke rettigheter er det jeg skal overdra til Gramo???,Finne ut hvilke rettigheter jeg skal overdra,Ikke svart,
Er det vanlig at låtskriver og musikere i er band har lik fordeling på betaling fra gramo,Finne ut hva som er vanlig fordeling på låtskrivere og musikere i et band,Musiker / Artist,
"Hello, There are some recordings that it is not appearing on my page at GRAMO, I am new to the system and wondering what can I do",Finne ut hva jeg skal gjøre når innpillingene ikke synes på Min side,Musiker / Artist,
Lese om rollekoder,Finne ut av rollekoder,Musiker / Artist som gir ut musikk selv,
"Dersom man synger låten og er den som gir den ut, skal man da velge A?",Finne ut av rollekoder,Musiker / Artist som gir ut musikk selv,
"spørre om registrering av coverlåter, hva som er lov og ikke.",Finne ut av regler for coverlåter,Musiker / Artist som gir ut musikk selv,
lese om hvorfor  en restaurant må betale avgift,Finne ut av regler / betaling for bruk av musikk,En bedrift utenfor musikkbransjen,Radio
"Hei! Jeg har fått en faktura for å spille musikk, men vi har kun radio. I følge godkjenningen fra kuldutedepartimentet ser jeg at dette ikke gjelder for videresending av kringkastede lydoppdak. Betyr ikke det at vi ikke skal betale når vi kun har en liten radio i produksjonsområdet vårt?",Finne ut av regler / betaling for bruk av musikk,Annet,Kulturhus
Finne informasjon om godkjenning til streaming på internett,Finne ut av regler / betaling for bruk av musikk,En bedrift utenfor musikkbransjen,
"Hei
Hvis jeg eventuelt begynner å spille musikk for kundene mine, fra min Spotify bruker som jeg allerede betaler for har det noe å si?",Finne ut av regler / betaling for bruk av musikk,En bedrift utenfor musikkbransjen,Finne regelverk for butikk som vil spille musikk via radio
Hei! Vi vil gjerne spille musikk i vårt lokalet vårt (SMYKBAR). Hva skal jeg gjøre?,Finne ut av regler / betaling for bruk av musikk,En bedrift utenfor musikkbransjen,Privatperson
Må vi ha avtale med Gramo hvis vi spiller en sang fra Spotify på et internt møte?,Finne ut av regler / betaling for bruk av musikk,En bedrift utenfor musikkbransjen,
Hei :) Vi er en amateur teater gruppe som har en avtale med gramo. Vi lurer på om musikken kan brukes i sosial media sammenheng i promotering av våre forestillinger?,Finne ut av regler / betaling for bruk av musikk,En bedrift utenfor musikkbransjen,
Forstå om man må som bakeriutsalg må betale til både Gramo og Tono,Finne ut av regler / betaling for bruk av musikk,En bedrift utenfor musikkbransjen,Arrangør
Er interesert for retigheter for å bruke musik og mp4 ofentlig på en radio...,Finne ut av regler / betaling for bruk av musikk,Radio,
Leter etter retningslinjer for honorar/vederlag når musikk brukes i reklamefilm. Tillatelse er gitt av musikerne (lokal tilhørighet).,Finne ut av regler / betaling for bruk av musikk,Annet,
Kom for å gi klarhet i betaling vedrørende avspilling av musikk i frisørsalong,Finne ut av regler / betaling for bruk av musikk,En bedrift utenfor musikkbransjen,
sjekke om jeg må registrere meg når jeg bruker radio til musikk for kundene,Finne ut av regler / betaling for bruk av musikk,Annet,
"Finne ut om avspilling av radio, herunder tale og musikk, på offentlige kommunikasjonsmidler er underlagt søknadsplikt og/eller må betales avgift for. Fikk jeg gjort det jeg skuille? Nei...",Finne ut av regler / betaling for bruk av musikk,Annet,
Undersøke ift avspilling av musikk i barnehage,Finne ut av regler / betaling for bruk av musikk,En bedrift utenfor musikkbransjen,
Jeg ønsker å finne ut om bedriften min må betale for musikken jeg spiller,Finne ut av regler / betaling for bruk av musikk,En bedrift utenfor musikkbransjen,
Sjekke om vi må registrere oss hos gramo,Finne ut av regler / betaling for bruk av musikk,Annet,
Kom for å finne ut hvordan man kan få publisert musikk på spotify ect.,Finne ut av publisering av musikk,Musiker / Artist,Jeg lager brettspill
hvordan publisere musikk,Finne ut av publisering av musikk,Musiker / Artist som gir ut musikk selv,
Sjekke ut hvordan legge ut sang på Spotify,Finne ut av publisering av musikk,Annet,
For å lære mer om utgivelsesprosessen,Finne ut av publisering av musikk,Musiker / Artist,
For å finne ut av hvordan jeg kan selge sangene jeg har skrevet,Finne ut av publisering av musikk,Musiker / Artist,
Orientere meg ifm utgivelse på Spotify mm,Finne ut av publisering av musikk,Musiker / Artist,
"Hei. 
jeg skal legge ut noen nye låter men husker ikke hvordan det fungere... 
kunne du hjulpet meg med det? 
hovedsaklig angående ISRC code men også... lurte jeg på angående utøver og personlig produser biten",Finne ut av publisering av musikk,Musiker / Artist som gir ut musikk selv,Norsk Artistforbund
finne ut om ean /upc,Finne ut av EAN/UPC,Musiker / Artist som gir ut musikk selv,
Finne forskjellen på EAN og UPC,Finne ut av EAN/UPC,Annet,
Finne tall,Finne tall,En bedrift utenfor musikkbransjen,"Diktet væra saman,men èin av oss må dø først og gå føre…"
"Finne opphavsmenner/kvinner til Indigo, ta meg med fra serien om Gullars. Nettet gir motstridende opplysninger.",Finne retteighetshavere til en innspilling,Musiker / Artist,
Se etter om dere har en oversikt over spillesteder,Finne oversikt over spillesteder,Manager,
hvor finner jeg organisasjonsnummeret mitt?,Finne organisasjonsnummeret til bedriften min,Musiker / Artist som gir ut musikk selv,
Finne musikere til arrangement,Finne musikere til oppdrag,Ikke svart,
Sjekke min stemmerett på vegne av Norsk Artistforbund,Finne info om årsmøtet,Annet,
Lese årsmøtepapirene flr møtet i dag,Finne info om årsmøtet,Musiker / Artist som gir ut musikk selv,
"Jeg lurer på om dere har oversikt over når UNIVERSAL tok over mekaniske rettigheter fra TYLDEN & CO på alle Ole Ivars -innspillinger8 nesten alt i hvert fall9 Det har skjedde i vår en gang. Jeg har store interesser i dette , iom at jeg har skrevet de fleste låtene for  Ole Ivars fra 1984 fram til i dag. Hilsen William",Finne historikk på rettigheter på en innspilling,Musiker / Artist som gir ut musikk selv,
Finne diktet om at èin skal gå føre i døden,Finne et dikt,Annet,
Finne eposten til hvor man sender skjema for bruk av musikk,Finne e-post for å sende skjema for bruk av musikk,En bedrift utenfor musikkbransjen,
"Hei. Trenger en distrubutør for misikken min, ønsker å forhandle en kontrakt og få musikken ut",Finne distributør får å gi ut musikk,Musiker / Artist,
Finne bilag til regnskap,Finne bilag eller tall til regnskap,Musiker / Artist,
Hente tall til rekneskap,Finne bilag eller tall til regnskap,Musiker / Artist,
"Hei
Har fått to utbetalinger fra Gramo den 17.06.2024 på beløpene  kr 4 292,19 og 986,23.  Vår regnskapsavdeling etterlyser bilag/kvitteringer. Kan dere være snill å sende dette til vår e-post:  busnet@online.no?
Mvh Kjell Ove Øverås",Finne bilag eller tall til regnskap,Musiker / Artist,
Hva og hvordan kan man gi ut en selvlagd låt ?,Finn ut hvordan man gir ut musikk,Musiker / Artist,
for å finne ut om Gramo er for artister eller label,Finn ut hvem Gramo er til for,Musiker / Artist,
"Jeg har akkurat fått tilsendt registrantkoder for et kommende album jeg ønsker å gi ut, og nå leser jeg meg opp på label osv..",Finn ut av label og platemerke,Musiker / Artist som gir ut musikk selv,
Fikk regning,Fikk regning,En bedrift utenfor musikkbransjen,
Få et IPI nummer,Få IPI-nummer,Musiker / Artist som gir ut musikk selv,
importere discografi i excel,Eksportere dikografi til Excel,Musiker / Artist som gir ut musikk selv,
das,Das,Ikke svart,
Coversang,Coversang,,
trenger hjelp å claim in mine musikk,Claim,Musiker / Artist,
bli medlem av tono,Bli medlem i Tono,Musiker / Artist som gir ut musikk selv,
Betaler FM radio GRAMO/TONO?,Betaler FM radio Gramo/Tono?,Musiker / Artist som gir ut musikk selv,
beskytte musikk,Beskytte musikk,Musiker / Artist som gir ut musikk selv,
Har laget noe musikk og prøver å finne ut av hvordan jeg kan beskytte musikken og eventuelt en copyright checker før jeg utgir musikken.,Beskytte musikk,Musiker / Artist,
Nysgjerrig,Bare kikke,Musiker / Artist,
Kikke litt bare .. fint å se litt oversikter! ;),Bare kikke,Musiker / Artist som gir ut musikk selv,
Nysgjerrig,Bare kikke,Musiker / Artist,
"Bare for å sjekke. Jeg har kun et album her som produsent, men har vært med på å lage mye ny musikk med andre.",Bare kikke,,
Taste inn nytt passord,Administrere brukerkonto,Musiker / Artist,
Hei! Kan jeg få tilgang til rapporter på vegne av artist?,Administrere brukerkonto,Manager,
slette konto,Administrere brukerkonto,Musiker / Artist,
27015125594,27015125594,Musiker / Artist,
hei,??,Musiker / Artist som gir ut musikk selv,
"Ja a av og til,og ligger på Spotify ved artistnavnet Stein Toten",??,Musiker / Artist,
?,?,Manager,