Created at,Visitor ID,Session ID,Labels,URLs,Device type,Top task,"Hva kom du til nettsiden for?","Annet: Hva kom du til nettsiden for?","Fikk du gjort det du kom for? ","Hvem besøker du nettsiden som nå?","Annet: Hvem besøker du nettsiden som nå?","Hva hindret deg i å få gjort det du kom for","Annet: Hva hindret deg i å få gjort det du kom for?","Hva gjør du for å få fullført det du skulle?","Har du noe mer å dele med oss?"
"03. Dec 2025 14:28:21",,01KBJ9T3QJQTVK354CY3K8WWHZ,,https://www.gramo.no/toppoppgaver,desktop,"Registrere låt eller utgivelse","Registrere låt eller utgivelse",,true,"Musiker / Artist som gir ut musikk selv",,,,,"Forferdelig tungvint å måtte legge inn samme opplysninger flere ganger. Dette må dere snart finne en løsning på!"
"31. Oct 2025 13:53:06",,01K8X8NYEHP3CG7PKG6PWQ4AP9,,https://www.gramo.no/toppoppgaver,desktop,"Registrere låt eller utgivelse","Registrere låt eller utgivelse",,false,"Musiker / Artist som gir ut musikk selv",,Annet,,,
"26. Sep 2025 13:13:03",01K62HM0PCPXMNC5ZM8HQ0E5CN,01K632F9ZVHBHXJYJNJKCN16WK,,https://www.gramo.no/toppoppgaver,desktop,"Registrere låt eller utgivelse","Registrere låt eller utgivelse",,,,,,,,
"11. Sep 2025 14:45:46",01K4WKPM2K2GKVG6BQQQGAS1KP,01K4WKSXKV7VHT743GB3CMKX81,,https://www.gramo.no/toppoppgaver,desktop,Annet,Annet,,,,,,,,
"30. Sep 2025 10:10:43",01K6D1MFQ62X54KVKCVC4VEBNP,01K6D1MFY9W1APRB3VCEY4Z5AX,,https://www.gramo.no/toppoppgaver,desktop,"Få oversikt over utbetalinger og økonomi","Få oversikt over utbetalinger og økonomi",,false,"Musiker / Artist",,"Jeg fant ikke det jeg lette etter",,"Jeg prøver igjen senere",
"12. Nov 2025 10:29:23",,01K9VSSKC33WDP6PH8E4BT73JF,,https://www.gramo.no/toppoppgaver,desktop,"Registrere rettighetskrav","Registrere rettighetskrav",,false,"Musiker / Artist",,"Jeg fant ikke det jeg lette etter",,"Jeg finner en annen måte",
"30. Sep 2025 06:57:48",01K6CP0MRTXK02KGPRFWFHBHKJ,01K6CPK74HR9D97KDA9KD3BZ38,,https://www.gramo.no/toppoppgaver,unknown,"Få oversikt over utbetalinger og økonomi","Få oversikt over utbetalinger og økonomi",,false,"Musiker / Artist som gir ut musikk selv",,"Jeg fant ikke det jeg lette etter",,"Jeg tar kontakt med Gramo",
"12. May 2025 00:01:10",01JV0WPN4QBYPD8FB4ZYC1WEB6,01JV0WPNHVBCE3S4G8B7FZ7NXB,Årsmøte,https://www.gramo.no/toppoppgaver,desktop,Annet,Annet,"Årsmøtet 3. juni",true,"Bedrift utenfor musikkbransjen",,,,,
"10. Oct 2025 13:52:01",01K775VMT9W1G84X9RJPP95EZZ,01K7768XR2DJ9PMK5M6RSJSKMR,,https://www.gramo.no/toppoppgaver,desktop,"Registrere låt eller utgivelse","Registrere låt eller utgivelse",,true,"Musiker / Artist som gir ut musikk selv",,,,,"Fungerer fint."
"22. Sep 2025 13:05:22",01K5RRDKC4D7XNKMJRSMCS68G9,01K5RREERMN054TRBFC089FJZN,,https://www.gramo.no/toppoppgaver,mobile,"Få oversikt over utbetalinger og økonomi","Få oversikt over utbetalinger og økonomi",,false,"Musiker / Artist",,"Jeg fant ikke det jeg lette etter",,"Jeg tar kontakt med Gramo",
"10. Jun 2025 17:28:32",01JXDE3D9RSBT538K8ZJQY5X0S,01JXDE5QS58YVH1EHD4CAPRDQC,,https://www.gramo.no/toppoppgaver,desktop,"Ordne med ISRC-koder","Ordne med ISRC-koder",,false,"Musiker / Artist som gir ut musikk selv",,,,,
"26. Sep 2025 11:27:02",01K62W7FNC1646MTVXJW50SMMW,01K62WDAD4X0FXFMNCHEG9R84J,,https://www.gramo.no/toppoppgaver,desktop,"Finne veiledning og svar på spørsmål","Finne veiledning og svar på spørsmål",,true,"Bedrift utenfor musikkbransjen",,,,,
"04. Jul 2025 11:58:12",01JZABRDNSHE71P020X9GFRN2B,01JZAMT400Z8X2T3HYBP3F9D68,,https://www.gramo.no/toppoppgaver,desktop,"Registrere låt eller utgivelse","Registrere låt eller utgivelse",,false,Plateselskap,,"Jeg fant ikke det jeg lette etter",,"Jeg tar kontakt med Gramo","skulle legge til utøvere på innspilling, fant ikke ut hvordan"
"22. Nov 2025 20:41:11",,01KAPMS3JFQ8CSJVMB148Y58JJ,,https://www.gramo.no/toppoppgaver,desktop,"Finne veiledning og svar på spørsmål","Finne veiledning og svar på spørsmål",,true,"Musiker / Artist",,,,,
"19. Sep 2025 08:51:18",01K5GJDEPNWAJERFD4PNQ6DB88,01K5GJPZ0C8SBY5Y496K0JBTYX,,https://www.gramo.no/toppoppgaver,desktop,"Sjekke eller oppdatere mine registreringer hos Gramo","Sjekke eller oppdatere mine registreringer hos Gramo",,false,"Musiker / Artist som gir ut musikk selv",,"Det oppstod tekniske problemer (innlogging, skjema, feil)",,"Jeg dropper det","Fikk beskjed om at ""noe gikk galt"" da jeg trykte på send. Samtidig er det en tung og rotete nettside å registrere verk på."
"02. Sep 2025 16:23:58",01K435NK5K319Z0DR5618K7B8D,01K45KVWA4WYWDCJ0B6YKTJHPG,,https://www.gramo.no/toppoppgaver,desktop,"Ordne med ISRC-koder","Ordne med ISRC-koder",,false,"Musiker / Artist som gir ut musikk selv",,"Jeg fant ikke det jeg lette etter",,"Jeg prøver igjen senere",
"28. May 2025 07:52:36",01JWAXTT96G038ZEZN30GW2PG9,01JWAY0GVGHAM53J1DX0CR9W3J,,https://www.gramo.no/toppoppgaver,desktop,"Få oversikt over utbetalinger og økonomi","Få oversikt over utbetalinger og økonomi",,false,"Musiker / Artist som gir ut musikk selv",,"Det oppstod tekniske problemer (innlogging, skjema, feil)",,"Jeg tar kontakt med Gramo","jeg har mottar penger fra gramo i 2024, men har ikke fått årsoppgave - får ikke logget inn på Gramo heller"
"03. Jun 2025 12:08:55",01JWTTM62JVWV5M6NPQ9AAQFWR,01JWTV25WRY19AYN5PMW5APMRW,,https://www.gramo.no/toppoppgaver,unknown,Annet,Annet,"Vet for lite om bransjen.Prøver å oppdatere meg. Hvordan finner jeg ut om min låt You som ligger ute på Spotify, er registrert på Gramo? Og hva som er forskjellen mellom Gramo og Gramart. Trenger dere min e-postadresse?",false,"Musiker / Artist",,"Jeg fant ikke det jeg lette etter",,"Jeg tar kontakt med Gramo",
"05. Jul 2025 08:01:41",01JZAND8GYZWNNCFTXJRSP7B4A,01JZAPJVBCT4PWS61795HZZ0HX,,https://www.gramo.no/toppoppgaver,desktop,"Registrere låt eller utgivelse","Registrere låt eller utgivelse",,false,"Musiker / Artist",,"Det oppstod tekniske problemer (innlogging, skjema, feil)",,"Jeg tar kontakt med Gramo",
"06. Sep 2025 14:50:15",01JXTVQ9Z3RAJSDBBBJ1QDQ242,01K4FR30W9ACA7SGNGNY0FQXRF,,https://www.gramo.no/toppoppgaver,desktop,"Få oversikt over utbetalinger og økonomi","Få oversikt over utbetalinger og økonomi",,true,"Musiker / Artist",,,,,
"06. Nov 2025 07:52:56",,01K9C2ENTPQ0SXPR9RYEFBV4SC,,https://www.gramo.no/toppoppgaver,desktop,"Registrere låt eller utgivelse","Registrere låt eller utgivelse",,false,"Musiker / Artist som gir ut musikk selv",,"Jeg fant ikke det jeg lette etter",,"Jeg tar kontakt med Gramo",
"09. Sep 2025 18:25:28",01JWET2G0BJ3M44QRH5S3AM9CM,01K4QVKBHNQDSNY6BZQQTBYKBS,,https://www.gramo.no/toppoppgaver,desktop,"Registrere låt eller utgivelse","Registrere låt eller utgivelse",,true,"Musiker / Artist",,,,,
"16. Aug 2025 18:02:23",01K2HHGY082P7MBVERQVTE99G3,01K2T0QXR8VJWE0PQMNGJ2BFC9,,https://www.gramo.no/toppoppgaver,desktop,"Registrere låt eller utgivelse","Registrere låt eller utgivelse",,false,"Musiker / Artist",,Annet,"ISRC nummer leser om det nå","Ingen alternativ passer",
"04. Nov 2025 19:57:37",,01K9874AQNE9T0Q0SMEE2QM7F6,,https://www.gramo.no/toppoppgaver,desktop,"Sjekke pris for musikkbruk","Sjekke pris for musikkbruk",,false,Annet,,,,,
"04. Nov 2025 14:39:39",,01K97MY1BHEMBRNXVS37Q0QBW8,,https://www.gramo.no/toppoppgaver,desktop,"Ordne med ISRC-koder","Ordne med ISRC-koder",,false,"Musiker / Artist som gir ut musikk selv",,"Jeg fant ikke det jeg lette etter",,"Jeg tar kontakt med Gramo",
"07. Jul 2025 10:47:56",01JZJ7Z2KH420GYW22ZC39E1E1,01JZJ7Z2ZXX25776FR8F3J4TW3,,https://www.gramo.no/toppoppgaver,desktop,"Sjekke pris for musikkbruk","Sjekke pris for musikkbruk",,false,"Musiker / Artist som gir ut musikk selv",,"Jeg fant ikke det jeg lette etter",,"Jeg tar kontakt med Gramo","Hvordan legge inn til label?"
"03. Jun 2025 10:23:43",01JWTN2ER6YD0FNS601HY4JCXG,01JWTN2F3RZAD7GNVCJWQQYECZ,Årsmøte,https://www.gramo.no/toppoppgaver,desktop,Annet,Annet,"skulle sjekke sakslista til årsmøtet",true,"Musiker / Artist som gir ut musikk selv",,,,,
"06. Oct 2025 09:58:32",01K6WEM26RP918M0C3QSMCZQ09,01K6WFA25NM44RCYFT6DEFPZAD,,https://www.gramo.no/toppoppgaver,desktop,"Registrere låt eller utgivelse","Registrere låt eller utgivelse",,,,,,,,
"15. Sep 2025 15:14:37",01K56Z1X6REH4EAV0TMKS2WYE2,01K56Z1XFEC4PET184949P5DNR,,https://www.gramo.no/toppoppgaver,tablet,"Få oversikt over utbetalinger og økonomi","Få oversikt over utbetalinger og økonomi",,true,"Musiker / Artist",,,,,
"26. Nov 2025 14:49:58",,01KB0A8JPQM0DTCX4PT7NGHJS9,,https://www.gramo.no/toppoppgaver,desktop,"Registrere låt eller utgivelse","Registrere låt eller utgivelse",,false,"Musiker / Artist som gir ut musikk selv",,"Jeg fant ikke det jeg lette etter",,"Jeg prøver igjen senere",
"20. Jun 2025 19:48:18",01JY64H8PPK436RJX35X0QJYBA,01JY7E4YQ9TXBWMTRYYSN5RFVS,,https://www.gramo.no/toppoppgaver,desktop,"Ordne med ISRC-koder","Ordne med ISRC-koder",,false,"Musiker / Artist",,"Jeg fant ikke det jeg lette etter",,"Jeg tar kontakt med Gramo","det er ikke-intuitive tunge nettsider"
"12. Jun 2025 11:39:29",01JXHYHS0Z42N9DH7VY6DBZ2XA,01JXHZ01Q1319S8YT4KFGC926W,,https://www.gramo.no/toppoppgaver,desktop,"Registrere låt eller utgivelse","Registrere låt eller utgivelse",,true,"Musiker / Artist som gir ut musikk selv",,,,,
"14. May 2025 19:23:56",01JV8411CNTQMSJJTZP1GVK4V1,01JV8411QGN0DDSKM79K7FCGEF,Årsmøte,https://www.gramo.no/toppoppgaver,desktop,Annet,Annet,"gi fullmakt til Creo",true,"Musiker / Artist",,,,,
"12. Nov 2025 10:04:47",,01K9VRCAV8JWNEXX89EJMYRKXR,,https://www.gramo.no/toppoppgaver,desktop,"Registrere låt eller utgivelse","Registrere låt eller utgivelse",,,,,,,,
"31. Oct 2025 13:55:39",,01K8X8TCBF29JV3104CCWGQR33,,https://www.gramo.no/toppoppgaver,desktop,"Registrere låt eller utgivelse","Registrere låt eller utgivelse",,false,"Musiker / Artist som gir ut musikk selv",,Annet,"Må vente på registrering av medlemskap","Jeg prøver igjen senere",
"11. Nov 2025 14:47:08",,01K9SP4WFMVQV5YCNBC06KZD0B,,https://www.gramo.no/toppoppgaver,desktop,"Registrere låt eller utgivelse","Registrere låt eller utgivelse",,false,,,,,,
"21. Sep 2025 14:00:02",01K5P9605PBJSM49MQ7N8N9NX4,01K5P960E4PTKZXRREZ7A1C9QR,,https://www.gramo.no/toppoppgaver,desktop,"Sjekke eller oppdatere mine registreringer hos Gramo","Sjekke eller oppdatere mine registreringer hos Gramo",,true,Radio,,,,,
"11. Sep 2025 12:54:29",01K4WDCDZXCH5ANNSQ51DNBKK3,01K4WDEVMD7CKFSX67T9BGY7CK,,https://www.gramo.no/toppoppgaver,desktop,"Ordne med ISRC-koder",Annet,"jeg trenger aa skape isrc kode til utgivelse. hvor kan jeg gjøre dette ",false,"Musiker / Artist",,"Jeg fant ikke det jeg lette etter",,"Ingen alternativ passer",
"12. Jun 2025 09:49:26",01JXHR95JH6K85GDNVP3JQQJW7,01JXHRPC8KA4BAJB66HX7T6WQQ,,https://www.gramo.no/toppoppgaver,desktop,"Registrere låt eller utgivelse","Registrere rettighetskrav",,true,"Musiker / Artist som gir ut musikk selv",,,,,"Jeg er produsent og artist som går under navnet UGANG, vi har en sang som heter FUCKED (DumDum Boys 2025) som har vært på radio og vil gjerne kunne registrere den"
"13. Oct 2025 08:38:43",01K7E8H7YMVQ6Y5GRW5CV8DQMQ,01K7EBHAR2EM0BK67A8GGK2J76,,https://www.gramo.no/toppoppgaver,mobile,"Ordne med ISRC-koder","Ordne med ISRC-koder",,false,"Musiker / Artist som gir ut musikk selv",,"Det oppstod tekniske problemer (innlogging, skjema, feil)",,"Jeg tar kontakt med Gramo",
"15. Aug 2025 13:26:41",01K2PYH3CN4ZVPRRC9WFC672SJ,01K2PYH3M99Q4T1Z7XP6VFPEE4,,https://www.gramo.no/toppoppgaver,desktop,"Sjekke eller oppdatere mine registreringer hos Gramo","Sjekke eller oppdatere mine registreringer hos Gramo",,false,"Musiker / Artist som gir ut musikk selv",,"Jeg fant ikke det jeg lette etter",,"Jeg tar kontakt med Gramo",HSS001
"28. Aug 2025 17:16:10",01K3QW9JK5AEJ505S274W9RYHJ,01K3RTVRR6J6PQ4RC1Z5GE5S8D,,https://www.gramo.no/toppoppgaver,desktop,"Finne veiledning og svar på spørsmål",Annet,"hei. jeg lurer på om katalognummer er det samme som isrc kode?",true,"Musiker / Artist",,Annet,,,
"15. Jul 2025 10:37:59",01K04KR8ZJAV6M6M70T75BV0CK,01K06TJSEEJCAKQZ2MMRW4Q2RA,,https://www.gramo.no/toppoppgaver,unknown,"Registrere låt eller utgivelse","Registrere låt eller utgivelse",,false,,,,,,
"25. Sep 2025 16:18:45",01K60TN7V7AWDMT70DWA65YM54,01K60TPT81T7PYYF18WGKZYSR7,,https://www.gramo.no/toppoppgaver,desktop,Annet,Annet,"Finne ledig stilling",false,Annet,"Potensiell nyansatt","Jeg fant ikke det jeg lette etter",,"Jeg tar kontakt med Gramo",
"22. Sep 2025 15:18:10",01K5RYTVKWQEAV1R9Q0RYDCZYY,01K5S01NAZCPNHQBFN83J3DRQA,,https://www.gramo.no/toppoppgaver,desktop,"Registrere låt eller utgivelse","Registrere låt eller utgivelse",,true,"Musiker / Artist som gir ut musikk selv",,,,,
"18. Jun 2025 11:57:24",01JY1DY66R66TMBV4TB7Z79JT3,01JY1ED358EY9PR7Z2V1K1PTWP,,https://www.gramo.no/toppoppgaver,desktop,"Finne veiledning og svar på spørsmål","Finne veiledning og svar på spørsmål",,false,"Musiker / Artist som gir ut musikk selv",,"Innholdet hjalp meg ikke å forstå hva jeg skulle gjøre",,"Jeg tar kontakt med Gramo",
"24. Nov 2025 07:45:50",,01KATD6W1CNTMVZKTVTTNE40A4,,https://www.gramo.no/toppoppgaver,desktop,Annet,Annet,"meget slitsomt å få pop up fra deg ti ganger",false,Plateselskap,,Annet,,,
"04. Sep 2025 17:16:30",01K4AVGDBCZ230KRE5BH3VG94J,01K4AVNC5S7FGF1Z83M9HKFRDF,,https://www.gramo.no/toppoppgaver,mobile,"Registrere låt eller utgivelse","Registrere låt eller utgivelse",,false,"Musiker / Artist",,,,,
"21. Aug 2025 09:34:56",01K35ZFDNCDG4GXGSC1R0TG36D,01K35ZP5ZFY5JCJT236161ECXV,,https://www.gramo.no/toppoppgaver,desktop,"Ordne med ISRC-koder","Ordne med ISRC-koder",,false,"Musiker / Artist som gir ut musikk selv",,Annet,,,
"13. May 2025 20:52:55",01JV5PF82NA0H16QA72SN4JH7Q,01JV5PQR79G8WERFZD1EECKVM0,,https://www.gramo.no/toppoppgaver,desktop,"Sjekke eller oppdatere kontaktinformasjon",Annet,"Skulle skifte passord og endre personopplysninger (navn). Fikk ikke gjort noe av det.",false,"Musiker / Artist som gir ut musikk selv",,Annet,"Fikk ikke til å endre.","Jeg tar kontakt med Gramo",
"22. Jul 2025 16:15:13",01JVPJBGSY9BPCR6F3XT8HT44H,01K0SENGHDXEH75C348WDYD1VC,,https://www.gramo.no/toppoppgaver,desktop,"Registrere låt eller utgivelse","Registrere låt eller utgivelse",,false,Plateselskap,,Annet,"Fikk ikke registrert musikere","Jeg tar kontakt med Gramo",
"30. Sep 2025 11:43:31",01K6D6YCSPPVYZKXT40M78907T,01K6D6YDAAJYA4CHV97HBSBMTG,,https://www.gramo.no/toppoppgaver,desktop,"Ordne med ISRC-koder","Ordne med ISRC-koder",,true,"Musiker / Artist som gir ut musikk selv",,,,,
"08. Oct 2025 08:16:55",01K6MXNEYF47BASZADQ3A4EK9G,01K71E9MBGPG1TAGNYWPF825W0,,https://www.gramo.no/toppoppgaver,desktop,"Sjekke eller oppdatere mine registreringer hos Gramo","Sjekke eller oppdatere mine registreringer hos Gramo",,true,"Musiker / Artist",,,,,
"22. Aug 2025 10:58:27",01K38PRZEG91N2EH9VJPTTN8PF,01K38PVXV4CG8MZYQZW86S1BAS,,https://www.gramo.no/toppoppgaver,desktop,"Ordne med ISRC-koder","Ordne med ISRC-koder",,false,"Musiker / Artist",,"Jeg fant ikke det jeg lette etter",,,
"30. Oct 2025 10:57:49",,01K8TC869Q019DQ7KC3JT5WGKT,,https://www.gramo.no/toppoppgaver,mobile,"Sjekke eller oppdatere kontaktinformasjon",Annet,"Endre telefonnummer",true,"Musiker / Artist",,,,,"Endre telefonnummer"
"03. Jun 2025 19:21:27",01JWVK6SPAGNGNPY8E69X4FKE6,01JWVKVCJJV99GNXF1QWP4AZG9,,https://www.gramo.no/toppoppgaver,desktop,"Finne veiledning og svar på spørsmål","Finne veiledning og svar på spørsmål",,false,Annet,"Eksamens elev og arrangør for konsert","Jeg fant ikke det jeg lette etter",,"Jeg tar kontakt med Gramo","Kunne dere har utvidet nettsiden deres og kanskje fått til en søkebar som kunne gjøre det lettere å få svar? "
"20. May 2025 12:13:59",01JVPSSZF1G1CHFA0NYTNWEC0G,01JVPSSZV3BGYM0JFQZY6RWJGZ,,https://www.gramo.no/toppoppgaver,mobile,Annet,Annet,,,,,,,,
"16. Sep 2025 17:40:04",01K59SRA9YX53TH2TVJ1Z9N9NE,01K59SS7R9YDZBRMM54MBSAF6Q,,https://www.gramo.no/toppoppgaver,desktop,"Registrere rettighetskrav","Registrere rettighetskrav",,false,"Musiker / Artist som gir ut musikk selv",,"Det oppstod tekniske problemer (innlogging, skjema, feil)",,"Ingen alternativ passer","Fyller ut ut albumet, og får så vite at ""noe gikk galt"", men ikke noe om hva. Har sett over flere ganger men finner ikke noe feil. Hva skal jeg gjøre?"
"06. Jun 2025 11:38:31",01JX2G7N16BMPFGQ34ECBT04DQ,01JX2GHT30RVZTRZ4HRJV37QXP,,https://www.gramo.no/toppoppgaver,desktop,"Sjekke eller oppdatere kontaktinformasjon","Sjekke eller oppdatere kontaktinformasjon",,false,"Musiker / Artist",,"Innholdet hjalp meg ikke å forstå hva jeg skulle gjøre",,"Jeg tar kontakt med Gramo","Det er så lenge siden forrige innlogging at jeg ikke lenger har detaljene. SKulle få meldt inn de som spilte på den siste Loenly Crowd-singelen ""Wait Till Tomorrow"". Jeg kan kontaktes på stig.jakobsen@amedia.no"
"28. Aug 2025 14:54:54",01K3NDS0Y9MKPYP0T2972MRQ71,01K3RJS85D5XH4ST7H0W50QX6E,,https://www.gramo.no/toppoppgaver,desktop,"Registrere rettighetskrav","Registrere rettighetskrav",,false,"Musiker / Artist",,"Innholdet hjalp meg ikke å forstå hva jeg skulle gjøre",,"Jeg tar kontakt med Gramo","Jeg finner ikke ut hvordan jeg skriver inn koder"
"03. Jun 2025 08:08:25",01JWT9GZT77ZASD25NGCKJQ916,01JWTDB4N27VV9VC6Q5YWWQDFA,,https://www.gramo.no/toppoppgaver,desktop,"Sjekke eller oppdatere mine registreringer hos Gramo","Sjekke eller oppdatere mine registreringer hos Gramo",,false,"Musiker / Artist som gir ut musikk selv",,Annet,"Jeg finner ikke mulighet for å redigere","Jeg tar kontakt med Gramo",
"11. May 2025 09:25:46",01JTZAD2MHS59K4QV8GGWY1AZR,01JTZAM3GYS6B7SQ0PTX1710G3,,https://www.gramo.no/toppoppgaver,desktop,"Registrere låt eller utgivelse","Registrere låt eller utgivelse",,,,,,,,
"14. May 2025 13:56:57",01JV7HA53YR3572JSCPE5KA808,01JV7HA5EDYTBJT9AD1S1QHFNT,Årsmøte,https://www.gramo.no/toppoppgaver,mobile,Annet,Annet,Fullmakt,false,,,,,,
"25. Nov 2025 10:00:04",,01KAX7929HBZRKF9XYYJ39Q815,,https://www.gramo.no/toppoppgaver,desktop,"Finne veiledning og svar på spørsmål","Finne veiledning og svar på spørsmål",,,,,,,,
"07. Jul 2025 07:56:22",01JZHVXX08VZ1VAV943YFVJJ6H,01JZHY5HPTG84FZ75B5BJF9PWA,,https://www.gramo.no/toppoppgaver,desktop,"Registrere låt eller utgivelse","Registrere låt eller utgivelse",,true,"Musiker / Artist som gir ut musikk selv",,,,,
"23. Jul 2025 09:16:43",01K0V6V2VQJKJ9PJ1QBD33B8Y1,01K0V942EPBWECY7D20Q6ZSDJY,,https://www.gramo.no/toppoppgaver,desktop,"Sjekke eller oppdatere kontaktinformasjon","Sjekke eller oppdatere kontaktinformasjon",,true,"Musiker / Artist som gir ut musikk selv",,,,,
"18. Oct 2025 18:39:17",,01K7W9WMVC2FP7MK5PH7KD14XK,,https://www.gramo.no/toppoppgaver,null,"Sjekke eller oppdatere mine registreringer hos Gramo","Sjekke eller oppdatere mine registreringer hos Gramo",,false,"Musiker / Artist",,Annet,"Havnet utagor","Jeg dropper det",
"13. Oct 2025 08:16:30",01K7E8N4TE20530F20X124TGNF,01K7EA8R38G5NM00FWWMJPS3KA,,https://www.gramo.no/toppoppgaver,mobile,"Ordne med ISRC-koder","Ordne med ISRC-koder",,false,"Musiker / Artist som gir ut musikk selv",,,,,
"03. Jun 2025 10:54:58",01JWTPRXCWH0E3MZZC4KNGSKHS,01JWTPVW110C1S209FPP2SPBHZ,,https://www.gramo.no/toppoppgaver,desktop,Annet,Annet,"Sak  5BRWT5 ",false,,,,,,
"12. Oct 2025 12:36:52",01K7C6NCWKGFFPS35YRAMHXCPT,01K7C6RP8YRZMW8JSFE98DSVPT,,https://www.gramo.no/toppoppgaver,desktop,Annet,Annet,,,,,,,,
"08. Jul 2025 13:07:57",01JZ8D2XV0P7A02455H60DW904,01JZN2CPFC8QCXGPTXQQZQJMB0,,https://www.gramo.no/toppoppgaver,desktop,"Registrere rettighetskrav","Registrere rettighetskrav",,false,Plateselskap,,"Det oppstod tekniske problemer (innlogging, skjema, feil)",,"Jeg tar kontakt med Gramo",
"10. Jun 2025 11:01:09",01JXCNM6DCCBT6NXQW6K5VNJ8W,01JXCR08F165EQMYZVXA6MNHMS,,https://www.gramo.no/toppoppgaver,desktop,"Registrere låt eller utgivelse","Registrere låt eller utgivelse",,false,"Musiker / Artist",,"Innholdet var vanskelig å forstå",,"Jeg tar kontakt med Gramo",
"14. Aug 2025 13:31:13",01K2MADB38BET8JTWHCMMA8FX5,01K2MCDN8MX9TQHVDRCGZ33ZFX,,https://www.gramo.no/toppoppgaver,desktop,"Registrere låt eller utgivelse","Registrere låt eller utgivelse",,,,,,,,
"20. May 2025 11:46:59",01JVPR8FCW63ACTRAQTEXWA8MF,01JVPR9877H2FDBPTWJYJ9XW12,,https://www.gramo.no/toppoppgaver,mobile,Annet,Annet,"   ",false,Annet,"  ",Annet,"   ","Ingen alternativ passer","   "
"02. Jun 2025 12:36:54",01JWRA1BEXB7TM56WSG78ZASQ7,01JWRA9SZA2J97X9QV6XW38VK8,,https://www.gramo.no/toppoppgaver,mobile,"Sjekke eller oppdatere mine registreringer hos Gramo",Annet,"Vil bare sjekke min katalog. Masse jeg ikke har meldt inn i årenes løp. ",,,,,,,
"17. Jul 2025 18:39:47",01K0A26VVP9XBR8J4QZN4ZWPTA,01K0CTYKHRAZ425B6HT1F57BH7,,https://www.gramo.no/toppoppgaver,desktop,"Sjekke eller oppdatere kontaktinformasjon","Sjekke eller oppdatere kontaktinformasjon",,true,"Musiker / Artist som gir ut musikk selv",,,,,
"20. May 2025 11:46:44",01JVPR8FCW63ACTRAQTEXWA8MF,01JVPR8QBGHPTBSAC1JK8387QZ,,https://www.gramo.no/toppoppgaver,mobile,Annet,Annet,,,,,,,,
"26. May 2025 00:37:15",01JW501GERD917GC4K05F3CG0Y,01JW50ATE4SMF69TKAP14JVS0E,,https://www.gramo.no/toppoppgaver,desktop,"Registrere låt eller utgivelse","Registrere låt eller utgivelse",,false,"Musiker / Artist",,Annet,"Ikke medlem enda. =)","Ingen alternativ passer",
"29. Oct 2025 20:36:29",,01K8RTZ024FWT1SVS532CJ72KP,,https://www.gramo.no/toppoppgaver,mobile,"Ordne med ISRC-koder","Ordne med ISRC-koder",,false,"Musiker / Artist som gir ut musikk selv",,"Jeg fant ikke det jeg lette etter",,"Jeg tar kontakt med Gramo",
"14. Oct 2025 16:35:01",01K7HS3RVVBNREE8QM6FGKAEAW,01K7HS5XVB26A0FR6CNFN4VMYR,"Registrere meg",https://www.gramo.no/toppoppgaver,desktop,Annet,Annet,"jeg har registrert meg som utøver, men har også masterrettighetene til alle mine utgivelser",false,"Musiker / Artist som gir ut musikk selv",,"Jeg fant ikke det jeg lette etter",,"Jeg tar kontakt med Gramo",
"20. Jun 2025 19:15:04",01JY64H8PPK436RJX35X0QJYBA,01JY7C7KD183V6TW6A7YWP7RF2,,https://www.gramo.no/toppoppgaver,desktop,"Registrere låt eller utgivelse","Registrere låt eller utgivelse",,false,"Musiker / Artist",,"Jeg fant ikke det jeg lette etter",,"Jeg tar kontakt med Gramo","dere må oppdatere beskrivelsen av hvordan man gjør dette. Stemmer ikke."
"14. Nov 2025 14:34:57",,01KA1CMJP220PHBF9BAD0JPQBV,,https://www.gramo.no/toppoppgaver,desktop,"Sjekke eller oppdatere mine registreringer hos Gramo","Sjekke eller oppdatere mine registreringer hos Gramo",,true,"Musiker / Artist",,,,,
"08. Sep 2025 10:05:05",01K4MCC9742GSK01MD53ZZGTN7,01K4MCJ0DJE6WP07NYKR5D7DCC,,https://www.gramo.no/toppoppgaver,desktop,"Finne veiledning og svar på spørsmål","Finne veiledning og svar på spørsmål",,false,"Musiker / Artist som gir ut musikk selv",,"Jeg fant ikke det jeg lette etter",,"Jeg tar kontakt med Gramo","Jeg vil utrykke meg på jobben med AI generert musikk. (som jeg ihht Suno har rettighet til) Kan jeg gjøre dette vederlagsfritt siden dette er AI generert musikk?"
"13. Oct 2025 17:05:19",01K7F88QRCVKS0FG5P1ZVGY9SW,01K7F8GS4KEXBBHE4QJYGMFK3D,,https://www.gramo.no/toppoppgaver,mobile,"Ordne med ISRC-koder","Ordne med ISRC-koder",,false,"Musiker / Artist",,"Innholdet hjalp meg ikke å forstå hva jeg skulle gjøre",,"Ingen alternativ passer",
"14. Aug 2025 14:09:40",01K2MC8Z2YFD7AZW8EYKZVFJM2,01K2MEM8FBJ71JFC5Z9EZMKAQN,,https://www.gramo.no/toppoppgaver,desktop,"Ordne med ISRC-koder","Ordne med ISRC-koder",,,,,,,,
"09. Jun 2025 23:23:40",01JXBFRY3GWJG7VXESW01X156G,01JXBG392G9ECBGKW0MYT1F4RB,,https://www.gramo.no/toppoppgaver,desktop,"Sjekke eller oppdatere mine registreringer hos Gramo","Sjekke eller oppdatere mine registreringer hos Gramo",,false,Plateselskap,,"Innholdet hjalp meg ikke å forstå hva jeg skulle gjøre",,"Jeg tar kontakt med Gramo",
"24. Jun 2025 10:10:52",01JYGP76150039WEB3HTW1FADB,01JYGPPAAN2G9RNAY26D0ASEWJ,,https://www.gramo.no/toppoppgaver,desktop,"Sjekke eller oppdatere mine registreringer hos Gramo","Sjekke eller oppdatere mine registreringer hos Gramo",,false,"Musiker / Artist som gir ut musikk selv",,,,,
"30. Aug 2025 16:25:11",01K3PB28QV1ZVY3TRQX6FP32AX,01K3XWQN91P3K2K7MJWSB5RC4K,,https://www.gramo.no/toppoppgaver,desktop,"Finne veiledning og svar på spørsmål",Annet,"Hei. Jeg ønsker å registrere meg som master eier i tillegg til utøver. Hvordan gjør jeg det??",false,"Musiker / Artist som gir ut musikk selv",,"Jeg fant ikke det jeg lette etter",,"Ingen alternativ passer",
"25. Jun 2025 15:22:07",01JYKTK7DGN0C4JJ562W3ETH17,01JYKTWQ8WDCHR8JY3MRHE26CG,"Opprette bruker",https://www.gramo.no/toppoppgaver,desktop,Annet,Annet,"Opprette bruker som en del av plateselskap som allerede er registrert.",false,Plateselskap,,"Jeg fant ikke det jeg lette etter",,"Jeg tar kontakt med Gramo",
"09. Nov 2025 10:33:18",,01K9M2TKKQ32PHM6D7QFZ6VGQB,,https://www.gramo.no/toppoppgaver,desktop,"Ordne med ISRC-koder","Ordne med ISRC-koder",,false,"Musiker / Artist",,,,,
"29. Jul 2025 12:01:06",01K1B0TT344HPVK54Z9VM5VRSN,01K1B0X758ZARMKH6WJH1QGS2J,,https://www.gramo.no/toppoppgaver,unknown,"Ordne med ISRC-koder",Annet,"Jeg kom for å forstå hva ISRC var, og bli medlem",,,,,,,
"20. May 2025 09:09:24",01JVPDKTWWXW1EPCAXP02P52GR,01JVPF8FSS6X2G8K8M36HFBW2S,,https://www.gramo.no/toppoppgaver,mobile,"Finne veiledning og svar på spørsmål","Finne veiledning og svar på spørsmål",,,,,,,,
"30. Oct 2025 06:48:07",,01K8SXYGWM2TK86J3AXNFP6ETX,"Registrere meg",https://www.gramo.no/toppoppgaver,desktop,Annet,Annet,"Registrere meg",true,Annet,Mastereier/produsent,,,,
"28. Oct 2025 11:41:10",,01K8N9Y2C0A8BR6DAE1V556N9Z,,https://www.gramo.no/toppoppgaver,desktop,"Kontakte Gramo",Annet,"Finne kontakt info til Gramo",false,,,,,,
"21. Oct 2025 14:13:07",,01K83HVC1R23Y75GEJ2DRMCR8M,,https://www.gramo.no/toppoppgaver,null,"Finne veiledning og svar på spørsmål","Finne veiledning og svar på spørsmål",,false,"Musiker / Artist",,"Jeg fant ikke det jeg lette etter",,"Jeg tar kontakt med Gramo",
"12. Sep 2025 10:36:44",01K4YPPZT6FW64M36XQPV1A70H,01K4YQYXTT2CHHW9JV5TZAKX87,,https://www.gramo.no/toppoppgaver,desktop,"Få oversikt over utbetalinger og økonomi","Få oversikt over utbetalinger og økonomi",,,,,,,,
"27. Aug 2025 21:29:55",01K3PPQA3019WEJ6Q1PXDWHXD8,01K3PPZN9MGB9GE178JJC27DDD,,https://www.gramo.no/toppoppgaver,mobile,"Få oversikt over utbetalinger og økonomi","Få oversikt over utbetalinger og økonomi",,false,"Musiker / Artist som gir ut musikk selv",,"Jeg fant ikke det jeg lette etter",,"Jeg prøver igjen senere","Merkelig at sangene mine er avspilt, men at jeg ikke kan se utbetalinger…"
"14. Oct 2025 11:15:58",01K7H6VG5J9BMRBJ2Y1HT9D0JE,01K7H6Y5VGXBJZ5B6WER2CJS3B,,https://www.gramo.no/toppoppgaver,desktop,"Registrere låt eller utgivelse","Registrere låt eller utgivelse",,true,"Musiker / Artist som gir ut musikk selv",,,,,
"30. Sep 2025 07:17:08",01K6CP0MRTXK02KGPRFWFHBHKJ,01K6CQPPWRTY18FTZJD3FTWCPA,,https://www.gramo.no/toppoppgaver,unknown,"Få oversikt over utbetalinger og økonomi","Få oversikt over utbetalinger og økonomi",,false,Plateselskap,,"Jeg fant ikke det jeg lette etter",,"Jeg tar kontakt med Gramo","Finner ikke saldo, hvor mye jeg har til gode i Gramo."
"05. Sep 2025 10:47:39",01K4CQ4FF2RTZ4HNGXVB86ADVC,01K4CQT7KJ80D6B45XVTBA6ZE6,,https://www.gramo.no/toppoppgaver,desktop,"Registrere låt eller utgivelse","Registrere låt eller utgivelse",,false,"Musiker / Artist",,Annet,"Finner ikke noe sted å registerere utøver på. Har registrert ny utgivelse ""Mysterium"" på Ingrooves Distribusjon og som produsent på Gramo. Men jeg må jo legge til utøverne også! Hentes dette via API med Ingrooves?",,
"20. Aug 2025 18:15:28",01K34B20Z0N055SEE5K58H6Z89,01K34B2140EP53QF07E0TYTR4G,,https://www.gramo.no/toppoppgaver,unknown,"Registrere rettighetskrav","Registrere rettighetskrav",,false,"Musiker / Artist",,,,,
"10. Aug 2025 19:01:39",01K2ANHK6ARXXNNB5K33BX1BEW,01K2ANR3B8PTG164NVW6D0AAQG,,https://www.gramo.no/toppoppgaver,desktop,"Ordne med ISRC-koder","Ordne med ISRC-koder",,true,"Musiker / Artist",,,,,
"27. Aug 2025 09:33:18",01K3NDS0Y9MKPYP0T2972MRQ71,01K3NDZEVN04ZPTWNNBTEV8TB3,,https://www.gramo.no/toppoppgaver,desktop,"Ordne med ISRC-koder","Ordne med ISRC-koder",,false,,,,,,
"24. May 2025 11:54:54",01JW10A6H7Z9E4QXDXEQ6MYW1T,01JW12AJYK6TNHS7NRMAQYG7Z2,,https://www.gramo.no/toppoppgaver,desktop,"Registrere låt eller utgivelse","Registrere låt eller utgivelse",,false,"Musiker / Artist som gir ut musikk selv",,"Jeg fant ikke det jeg lette etter",,"Jeg tar kontakt med Gramo",
"29. Aug 2025 06:55:04",01K3T9H56CDN5H34R1D2CCN2ER,01K3T9PZNPT1B4HNFQ56Z113DJ,,https://www.gramo.no/toppoppgaver,desktop,"Finne veiledning og svar på spørsmål","Finne veiledning og svar på spørsmål",,false,,,,,,
"17. Nov 2025 22:44:58",,01KA9ZW2VD4RXCY334YDBK8Z4M,,https://www.gramo.no/toppoppgaver,desktop,"Registrere låt eller utgivelse","Registrere låt eller utgivelse",,false,"Musiker / Artist",,"Innholdet hjalp meg ikke å forstå hva jeg skulle gjøre",,"Ingen alternativ passer",
"17. Nov 2025 14:47:37",,01KA94H0J8CS5GFMD9DHSDDAPK,,https://www.gramo.no/toppoppgaver,desktop,"Finne veiledning og svar på spørsmål","Finne veiledning og svar på spørsmål",,true,"Musiker / Artist som gir ut musikk selv",,,,,"mye å forholde seg til, kommer nok innom for å sjekke senere"
"12. Oct 2025 13:40:19",01K7CA7K69C1KDNMF4NQX6RZWD,01K7CACKCGFX312ZETDV4RQ973,,https://www.gramo.no/toppoppgaver,desktop,"Finne veiledning og svar på spørsmål","Finne veiledning og svar på spørsmål",,true,"Musiker / Artist som gir ut musikk selv",,,,,
"05. Sep 2025 19:10:02",01K4DMHWTCAWPQEC9F1K2442KX,01K4DMHX4CJBRGRZZPNVFEWKVT,,https://www.gramo.no/toppoppgaver,desktop,"Sjekke pris for musikkbruk","Sjekke pris for musikkbruk",,false,Radio,,"Innholdet var vanskelig å forstå",,"Jeg prøver igjen senere",
"03. Jun 2025 12:11:15",01JVYS9C2PCBTD7XCN9PQ8WK5D,01JWTV7Q6NE4QQHFBF7ZN5C0MS,,https://www.gramo.no/toppoppgaver,mobile,"Registrere låt eller utgivelse","Registrere låt eller utgivelse",,false,"Musiker / Artist som gir ut musikk selv",,Annet,"Dette er nytt slik at jeg bruker litt tid ","Jeg tar kontakt med Gramo",
"07. Nov 2025 15:21:21",,01K9FEGPKJV0KH6NET2E5TJQSE,,https://www.gramo.no/toppoppgaver,desktop,Annet,Annet,"har dere noen støtteordninger for artister som vil gi ut musikk?",false,"Musiker / Artist som gir ut musikk selv",,,,,
"12. Oct 2025 12:38:58",01K7C6NCWKGFFPS35YRAMHXCPT,01K7C6WQTG9W8EXH0BQC5JTD6A,,https://www.gramo.no/toppoppgaver,desktop,Annet,Annet,"slutte å betale for musikkbruk",false,Annet,"slutte å betale for musikkbruk i lokale","Jeg fant ikke det jeg lette etter",,"Jeg tar kontakt med Gramo",
"26. Sep 2025 13:14:55",01K62HM0PCPXMNC5ZM8HQ0E5CN,01K632JZFYD08QKRM33P86G2FX,,https://www.gramo.no/toppoppgaver,desktop,"Registrere rettighetskrav","Registrere rettighetskrav",,,,,,,,
"20. Aug 2025 11:49:17",01K33MZBTRDDSG392VXDZTSG13,01K33MZC7AX6N73EB722J320VF,,https://www.gramo.no/toppoppgaver,mobile,"Kontakte Gramo",Annet,"Kontaktliste hos dere:)",true,Annet,Privatperson,,,,
"12. Aug 2025 13:48:49",01K2F7YQV52Y7J950A1GR8VJ42,01K2F8MR6WA071QEKV4KDVT8ED,,https://www.gramo.no/toppoppgaver,desktop,"Finne veiledning og svar på spørsmål",Annet,"Finne kontaktinformasjon til ansatt som kan svare på spørsmål om bransjepraksis for kreditering",true,Annet,"Advokat i Norsk Journalistlag",,,,"Fikk god tilbakemelding fra Gramo i en sak på vegne av artist"
"31. Aug 2025 20:05:04",01K3X89KK9GG0K5X511NKMJD2C,01K40VPKY8JZ7N6GHRB9X5YWXF,,https://www.gramo.no/toppoppgaver,unknown,"Sjekke eller oppdatere mine registreringer hos Gramo","Sjekke eller oppdatere mine registreringer hos Gramo",,false,"Musiker / Artist som gir ut musikk selv",,"Jeg fant ikke det jeg lette etter",,"Ingen alternativ passer","Det er vanskelig å finne ut hvordan man registrerer nye utgivelser hos dere"
"15. Oct 2025 09:14:26",01K7KJ98RXTPSR3BP551E61QHJ,01K7KJC3TPNCFMTYEN0MP6SAJ7,,https://www.gramo.no/toppoppgaver,desktop,"Finne veiledning og svar på spørsmål","Finne veiledning og svar på spørsmål",,false,Annet,"Mastering engineer","Jeg fant ikke det jeg lette etter",,"Jeg tar kontakt med Gramo",
"21. May 2025 07:13:50",01JVRV1ETFRZMSRATCXFN2AE3A,01JVRV1F87T39YKCF1QQ1NAFMX,Årsmøte,https://www.gramo.no/toppoppgaver,mobile,Annet,Annet,Gramofullmakt,false,"Musiker / Artist",,Annet,,,
"04. Jun 2025 07:45:34",01JWWY3WT1WD8AJKJ30CB31KY7,01JWWYDZNFF5M7KZY44R99RWH7,,https://www.gramo.no/toppoppgaver,desktop,"Registrere låt eller utgivelse","Registrere låt eller utgivelse",,false,"Musiker / Artist som gir ut musikk selv",,"Jeg fant ikke det jeg lette etter",,"Jeg tar kontakt med Gramo",
"26. Oct 2025 16:21:12",,01K8GN5F7N1NEYM541ZHSMG8F1,,https://www.gramo.no/toppoppgaver,desktop,"Finne veiledning og svar på spørsmål","Finne veiledning og svar på spørsmål",,false,"Musiker / Artist",,"Jeg fant ikke det jeg lette etter",,"Ingen alternativ passer",
"13. Jul 2025 18:52:56",01K02FV5JBAMZ7XZRAYKBM23C9,01K02J3MMV3PP1R7C6F732TM5P,"Opprette bruker",https://www.gramo.no/toppoppgaver,desktop,Annet,Annet,"Har vært medlem i mange år og ønsker og registrere Min side.",false,"Musiker / Artist",,,,,
"09. Sep 2025 11:59:17",01K4Q4XK19SEZCCA54XM3FS720,01K4Q5G7AW69SN615Q49NWABY6,,https://www.gramo.no/toppoppgaver,desktop,"Registrere låt eller utgivelse",Annet,"prøver finne katalognr til nye alumet til Ari Bajgora. Jeg spiller trommer på albumet og skal registrere",true,,,,,,
"05. Sep 2025 19:34:37",01JRKAQ5W85409J4Z3ZRNM7CNY,01K4DNZ4C0Y0P2D7CDQ657RHER,,https://www.gramo.no/toppoppgaver,desktop,"Ordne med ISRC-koder","Ordne med ISRC-koder",,true,Plateselskap,,,,,
"18. Aug 2025 20:46:40",01K2ZE2X2XSC2R517YAR0Z2YPP,01K2ZEY0YFCXW37FD5T6CBG5FT,,https://www.gramo.no/toppoppgaver,unknown,"Få oversikt over utbetalinger og økonomi","Få oversikt over utbetalinger og økonomi",,false,"Musiker / Artist",,"Jeg fant ikke det jeg lette etter",,,
"23. Sep 2025 13:26:33",01K5VBXPFFJT7B39QV87WTT3WS,01K5VC1S3W8GK4AMSAFFWZK6EK,,https://www.gramo.no/toppoppgaver,desktop,"Registrere låt eller utgivelse","Registrere låt eller utgivelse",,false,"Musiker / Artist som gir ut musikk selv",,Annet,,,
"02. Jul 2025 12:49:50",01JZ5JT1KX2CG0T0XPG8XSN03S,01JZ5JZ682S1DC31E4J2ZWXQM9,,https://www.gramo.no/toppoppgaver,desktop,"Registrere låt eller utgivelse","Registrere låt eller utgivelse",,false,"Musiker / Artist som gir ut musikk selv",,"Innholdet hjalp meg ikke å forstå hva jeg skulle gjøre",,"Jeg tar kontakt med Gramo",
"16. Jun 2025 13:57:55",01JXWGEQP5XDM1DB9RR6ZVVXJE,01JXWGFBZ5TX416X6011CMYGE8,,https://www.gramo.no/toppoppgaver,mobile,"Få oversikt over utbetalinger og økonomi","Få oversikt over utbetalinger og økonomi",,true,"Musiker / Artist",,,,,
"01. Oct 2025 10:36:33",01K6FNGBVPDYD3TZH438DX78DD,01K6FNGC605WN69PZ99T5E1Z5F,,https://www.gramo.no/toppoppgaver,mobile,"Sjekke eller oppdatere mine registreringer hos Gramo","Sjekke eller oppdatere mine registreringer hos Gramo",,false,"Musiker / Artist",,"Innholdet hjalp meg ikke å forstå hva jeg skulle gjøre",,"Jeg tar kontakt med Gramo",
"12. May 2025 14:46:30",01JV2FC47GMA3SS0D6D48STBTR,01JV2FC5437213E1D2ZSC7AT3F,,https://www.gramo.no/toppoppgaver,desktop,"Ordne med ISRC-koder","Ordne med ISRC-koder",,false,"Musiker / Artist",,"Jeg fant ikke det jeg lette etter",,,
"14. Aug 2025 14:58:44",01K2MH8MGAQ7RPBNQ3RVN32KJ0,01K2MHE4WYC2CCWR2PXB6VRTMN,,https://www.gramo.no/toppoppgaver,mobile,"Sjekke pris for musikkbruk","Sjekke pris for musikkbruk",,false,Annet,"Lærer for ungdomsskoleelever som har laget film som skoleoppgave","Jeg fant ikke det jeg lette etter",,"Jeg tar kontakt med Gramo","Jeg finner ikke ut av hvordan man skal gå frem for å få tillatelse til å bruke musikk i filmproduksjon i skoleoppgaver."
"04. Dec 2025 09:37:41",,01KBMBH51VP2JV616KPS0DNV0X,,https://www.gramo.no/toppoppgaver,desktop,Annet,Annet,,,,,,,,
"28. Sep 2025 11:42:11",01K67ZYSWSD1DZ8GCXY295F2N3,01K6822N49BQ7M1P7VRPXGF71E,,https://www.gramo.no/toppoppgaver,unknown,"Ordne med ISRC-koder","Ordne med ISRC-koder",,false,,,,,,
"06. May 2025 08:47:55",01JT41ZGEPEATMP1RG0WM9BMJH,01JTJCF722DGCFFRPX9VBS1MFC,,https://www.gramo.no/toppoppgaver,desktop,"Registrere låt eller utgivelse","Registrere låt eller utgivelse",,true,"Musiker / Artist",,,,,"Ser det er flere låter som ligger dobbelt inne, også lurer jeg litt på forskjellen på ""releases"" og ""recordings""- kategoriene. Da jeg både er produsent og artist. "
"22. Nov 2025 18:50:23",,01KAPEAR9KX31Z19SJ1D5HR9D4,,https://www.gramo.no/toppoppgaver,mobile,"Registrere rettighetskrav","Registrere rettighetskrav",,false,"Musiker / Artist",,"Jeg fant ikke det jeg lette etter",,"Jeg finner en annen måte",
"14. May 2025 11:43:51",01JV78G64WNTK3Z45SBMX6NESY,01JV79PW5BHQJQTYRMGKFKKPAM,,https://www.gramo.no/toppoppgaver,mobile,"Sjekke eller oppdatere mine registreringer hos Gramo","Sjekke eller oppdatere mine registreringer hos Gramo",,true,,,,,,
"09. May 2025 16:28:33",01JTTWGX4AF5CK9YX22K6PBHZ8,01JTTY0N4C593RRZNGWVE3DJPA,,https://www.gramo.no/toppoppgaver,desktop,"Sjekke eller oppdatere mine registreringer hos Gramo",Annet,"registrere plateselskap",false,Plateselskap,,"Jeg fant ikke det jeg lette etter",,"Jeg tar kontakt med Gramo",
"09. May 2025 09:16:05",01JTT58ASX6MSBJPVJK0SVAS1B,01JTT58B3SG2XQ3CA4XA979S2A,,https://www.gramo.no/toppoppgaver,desktop,"Sjekke pris for musikkbruk","Sjekke pris for musikkbruk",,,,,,,,
"28. Aug 2025 16:50:19",01K3RS6JMGRS0WHZNFYCHJ90TK,01K3RSCJ0ER0THEN7XCPGD50GJ,,https://www.gramo.no/toppoppgaver,desktop,"Ordne med ISRC-koder","Ordne med ISRC-koder",,false,"Musiker / Artist",,"Innholdet var vanskelig å forstå",,"Ingen alternativ passer",
"02. Jul 2025 18:54:06",01JZ678WQN8S32CKK4WW26S2T9,01JZ67TA5YK47Z0D8AEWY05FGJ,,https://www.gramo.no/toppoppgaver,desktop,"Registrere rettighetskrav","Registrere rettighetskrav",,false,,,,,,
"09. Jul 2025 10:33:40",01JZQ61GMFX79X0NH237ZFM68J,01JZQBXQ2ESQQ3KS78PN7RWG6W,,https://www.gramo.no/toppoppgaver,desktop,"Finne veiledning og svar på spørsmål","Finne veiledning og svar på spørsmål",,true,Annet,Produsent,,,,
"06. Nov 2025 22:07:18",,01K9DKAR9KT9VQFVSWE38T94MV,,https://www.gramo.no/toppoppgaver,desktop,"Registrere rettighetskrav","Registrere rettighetskrav",,false,Plateselskap,,"Jeg fant ikke det jeg lette etter",,"Jeg tar kontakt med Gramo",
"29. Oct 2025 11:29:18",,01K8QVMXKSP1NJRCJ30NBTY2RY,,https://www.gramo.no/toppoppgaver,desktop,"Finne veiledning og svar på spørsmål","Finne veiledning og svar på spørsmål",,true,"Musiker / Artist",,,,,
"27. Aug 2025 10:09:40",01K3NF5QY1JE7TH4SJ3BKXZB2H,01K3NG24PE2TFS3SMM6E67792K,,https://www.gramo.no/toppoppgaver,desktop,"Registrere låt eller utgivelse","Registrere låt eller utgivelse",,false,,,,,,
"06. Jun 2025 12:22:17",01JX2EA89ACB4H1BN3T2WYJQZ5,01JX2K1YVEHC0X1TH3VC83W3QJ,,https://www.gramo.no/toppoppgaver,mobile,"Sjekke eller oppdatere mine registreringer hos Gramo","Sjekke eller oppdatere mine registreringer hos Gramo",,false,"Musiker / Artist som gir ut musikk selv",,"Jeg fant ikke det jeg lette etter",,"Jeg prøver igjen senere",
"04. Dec 2025 09:39:42",,01KBMBNWQZNSJE7PZMTN358C3J,,https://www.gramo.no/toppoppgaver,desktop,"Sjekke eller oppdatere mine registreringer hos Gramo","Sjekke eller oppdatere mine registreringer hos Gramo",,false,"Musiker / Artist",,"Det oppstod tekniske problemer (innlogging, skjema, feil)",,"Jeg tar kontakt med Gramo",
"12. Nov 2025 13:46:29",,01K9W52HVDA48FCM9JC47G18B4,,https://www.gramo.no/toppoppgaver,desktop,Annet,Annet,,,,,,,,
"02. Jul 2025 12:51:07",01JZ5JP23B96H2KFBZ0JGHCG2Y,01JZ5K1J9NAN1976FS281JZ1Q1,,https://www.gramo.no/toppoppgaver,desktop,"Registrere låt eller utgivelse","Registrere låt eller utgivelse",,false,Plateselskap,,"Jeg fant ikke det jeg lette etter",,,
"20. Aug 2025 18:39:14",01K34B79B16CAMFJC3PKPWX4Z1,01K34CDQBVB05TFXTDRFYD8ER7,,https://www.gramo.no/toppoppgaver,desktop,"Ordne med ISRC-koder","Ordne med ISRC-koder",,,,,,,,
"15. Jun 2025 18:35:59",01JWZH0X4S7MHNJWPXZ6RKEYQE,01JXTE0S7XGZBH7N8NYBA2S23P,,https://www.gramo.no/toppoppgaver,desktop,"Ordne med ISRC-koder","Ordne med ISRC-koder",,false,,,,,,
"05. Jun 2025 06:56:43",01JWZDMWWPP9ZFPXRNYVSRHXGJ,01JWZE0TER50N6WQPA64MPYD6A,,https://www.gramo.no/toppoppgaver,desktop,"Finne veiledning og svar på spørsmål","Finne veiledning og svar på spørsmål",,false,"Bedrift utenfor musikkbransjen",,Annet,,"Jeg tar kontakt med Gramo","veldig treg responstid hos dere"
"16. Jun 2025 12:34:24",01JXWBQ2A9PQD2VEGCTR16GPEZ,01JXWBQ2HBFHSKRZBC2XWRWK5W,,https://www.gramo.no/toppoppgaver,desktop,"Få oversikt over utbetalinger og økonomi","Få oversikt over utbetalinger og økonomi",,true,"Musiker / Artist",,,,,"Jeg ønsker bare god sommer! Takk! "
"17. Nov 2025 21:39:11",,01KA9W37WNHEM07WCRTDWMZDRN,,https://www.gramo.no/toppoppgaver,desktop,Annet,Annet,"JEg skal registrere et event som skal skje",false,Annet,provPrivat,,,,
"07. Nov 2025 17:29:36",,01K9FNV6B81VR21A5C0Z2DKG2D,,https://www.gramo.no/toppoppgaver,desktop,"Sjekke eller oppdatere mine registreringer hos Gramo","Sjekke eller oppdatere mine registreringer hos Gramo",,false,"Musiker / Artist",,"Innholdet hjalp meg ikke å forstå hva jeg skulle gjøre",,"Jeg prøver igjen senere","Jeg vil registrere at jeg har medvirket på en plateinnspilling men har ikke opplysningene jeg trenger. Kan man ikke lenger søke opp innspillinger til en hovedartist og så registrere seg som medvirkende ""den veien""? Jeg har vært med på innspillinger med Oslo philharmonic orchestra de siste 2-3 årene uten å registrere det."
"03. Dec 2025 12:46:41",,01KBJ4019VTKF0RCFYTH2DB14X,,https://www.gramo.no/toppoppgaver,desktop,"Registrere låt eller utgivelse","Registrere låt eller utgivelse",,,,,,,,
"07. Nov 2025 11:38:11",,01K9F1QYX94RAFMXWGZST8PEQB,,https://www.gramo.no/toppoppgaver,desktop,"Registrere låt eller utgivelse","Registrere låt eller utgivelse",,false,"Musiker / Artist som gir ut musikk selv",,,,,
"16. Sep 2025 19:21:55",01K59TQ9X54704SGSJPK01QYS7,01K59ZKXF8X4737T26P0AJE4TN,,https://www.gramo.no/toppoppgaver,desktop,"Ordne med ISRC-koder","Ordne med ISRC-koder",,false,"Musiker / Artist som gir ut musikk selv",,"Jeg fant ikke det jeg lette etter",,"Jeg dropper det","Jeg fikk masse info om ISRC-koder, men forstår fortsatt ikke hvordan jeg får en kode."
"13. Sep 2025 21:47:40",01K52GDRD23R4WPCQNXSBVXHGA,01K52GRCW4PXJ2PY0N63WH69XN,,https://www.gramo.no/toppoppgaver,desktop,"Registrere låt eller utgivelse","Registrere låt eller utgivelse",,false,"Musiker / Artist",,Annet,,,
"23. Jun 2025 20:54:02",01JYF90NKSB15ZJBHNHSZEGWSX,01JYF930DT46CA2HZ3DS04QY6J,,https://www.gramo.no/toppoppgaver,mobile,"Sjekke eller oppdatere kontaktinformasjon","Sjekke eller oppdatere kontaktinformasjon",,false,"Musiker / Artist som gir ut musikk selv",,"Jeg fant ikke det jeg lette etter",,,
"05. Jul 2025 01:55:42",01JZC4QH6R0B1N0ZGQBR9RJNFK,01JZC4QHG38D7W9Z9HE2XG57S2,,https://www.gramo.no/toppoppgaver,desktop,Annet,Annet,,,,,,,,
"09. Oct 2025 18:01:06",01K7516AXZA6A8SYP2MCZA3TNC,01K7524BJHY0MH8T4915KH6B13,,https://www.gramo.no/toppoppgaver,desktop,"Ordne med ISRC-koder","Ordne med ISRC-koder",,true,,,,,,
"27. Oct 2025 13:24:47",,01K8JXF9X14QF13ETZRMFR0NMH,,https://www.gramo.no/toppoppgaver,mobile,"Få oversikt over utbetalinger og økonomi","Få oversikt over utbetalinger og økonomi",,true,"Musiker / Artist som gir ut musikk selv",,,,,
"22. Jun 2025 10:41:43",01JYBKFSBYF61X9W9YT66T3BW8,01JYBKNAXZFMTSA65F1R5W3ZFJ,,https://www.gramo.no/toppoppgaver,desktop,"Sjekke eller oppdatere mine registreringer hos Gramo","Sjekke eller oppdatere mine registreringer hos Gramo",,false,"Musiker / Artist som gir ut musikk selv",,"Jeg fant ikke det jeg lette etter",,"Jeg prøver igjen senere",
"21. Sep 2025 15:52:05",01K5PF4HTKD0Z2QXDJNVWP4DWP,01K5PFK6MVR08Q7M8JT1NNK4G3,,https://www.gramo.no/toppoppgaver,desktop,"Sjekke eller oppdatere mine registreringer hos Gramo","Sjekke eller oppdatere mine registreringer hos Gramo",,false,Manager,,"Jeg fant ikke det jeg lette etter",,"Ingen alternativ passer","Det kunne vært enda tydeligere hva som skjer når verk er registrert, men ikke synes når utålmodige musikere søker for å se om de er registert.  "
"07. Oct 2025 12:24:18",01K6Z9SAQ5CQ2ATD645JBQW2WT,01K6ZA27A6AZV26JEFAM8TTS1A,,https://www.gramo.no/toppoppgaver,desktop,"Registrere rettighetskrav","Registrere rettighetskrav",,,,,,,,
"20. Nov 2025 13:18:17",,01KAGPMGBZ6MC0CH3R98JTTC0X,,https://www.gramo.no/toppoppgaver,desktop,"Sjekke pris for musikkbruk","Sjekke pris for musikkbruk",,false,"Bedrift utenfor musikkbransjen",,"Innholdet hjalp meg ikke å forstå hva jeg skulle gjøre",,"Ingen alternativ passer","Fant ikke det jeg lette etter og prøvde derfor å ringe. Fikk ikke svar på telefon."
"24. Aug 2025 23:10:04",01K3F4QCFQAT9K2JR70YA5M7RD,01K3F5GTCK4S8C18CWXC01YZA6,,https://www.gramo.no/toppoppgaver,desktop,"Ordne med ISRC-koder","Ordne med ISRC-koder",,false,Plateselskap,,"Jeg fant ikke det jeg lette etter",,,
