"Juridisk term","Brukervennlig term","Forklarende term","Definisjon","Lovhenvisning","Kategori","Risikonivå","Risikobeskrivelse","Rettssak-risiko","Formuleringer å unngå","Eksempel nivå 1","Eksempel nivå 2","Eksempel nivå 3","Relaterte begreper","Forvekslingsfare","Engelsk ekvivalent","Kommentar","Kilde"
"Lydopptak","Innspilt musikk","Innspilt musikk (lydopptak)","En innspilling av lyd som kan gjengis, der utøvere og produsenter har nærstående rettigheter. Gramos kjernemandat.","Åndsverkloven §§ 20-21","Juridisk","Høy","Forveksling med 'musikkverk' (komposisjon) kan skape feil forventninger om hva Gramo forvalter vs. TONO","Kanskje","'sang' eller 'låt' i juridisk kontekst; 'musikkverk' (TONO-begrep)","Har du spilt inn musikk?","Gramo forvalter rettigheter til innspilt musikk (lydopptak) for utøvere og produsenter.","Lydopptak som definert i åndsverkloven § 20 omfatter enhver innspilling av lyd.","Utøvende kunstner; Produsent; Vederlag; Nærstående rettigheter","Ja","Phonogram; Sound recording","Kjernebegrepet som definerer Gramos virksomhet. Viktig å skille fra TONOs forvaltning av komposisjoner.","Åndsverkloven § 20"
"Nærstående rettigheter","Utøver- og produsentrettigheter","Rettigheter knyttet til innspilling (nærstående rettigheter)","Rettigheter som tilhører utøvende kunstnere og produsenter av lydopptak - i motsetning til opphavsrett som tilhører komponister og tekstforfattere.","Åndsverkloven kapittel 2 (§§ 16-24)","Juridisk","Høy","Begrepet 'naborettigheter' (gammel term) kan forvirre. Forveksling med opphavsrett er vanlig.","Ja","'naborettigheter' (utdatert); 'opphavsrett' (det er TONO); 'åndsverksrett'","Gramo sikrer at musikere og plateselskaper får betalt.","Utøver- og produsentrettigheter gir deg krav på betaling når innspillingene dine brukes offentlig.","Nærstående rettigheter etter åndsverkloven kapittel 2 forvaltes av Gramo.","Lydopptak; Opphavsrett; Utøvende kunstner; Produsent","Ja","Related rights; Neighbouring rights","Fundamentalt skille mellom Gramo (nærstående) og TONO (opphavsrett). Ofte misforstått av brukere.","Åndsverkloven kapittel 2"
"Vederlag","Betaling","Betaling for bruk av musikk (vederlag)","Betaling som rettighetshavere har krav på når lydopptak brukes offentlig. Ikke avgift eller skatt - det er kompensasjon for bruk av rettigheter.","Åndsverkloven § 21; CRM-loven § 3 bokstav g","Juridisk","Medium","Brukere kaller det ofte 'avgift' eller 'skatt', som gir feil forståelse av hva det er.","Nei","'avgift'; 'skatt'; 'gebyr'; 'lisens' alene (si heller 'lisensavgift' for brukersiden)","Få betalt når musikken din spilles.","Vederlag er betaling du får når innspillingene dine brukes på radio eller i butikker.","Vederlag iht. åndsverkloven § 21 kreves inn av Gramo og fordeles til rettighetshavere.","Offentlig fremføring; Rettighetshaver; Fordeling","Nei","Remuneration; Equitable remuneration","Korrekt begrep er viktig. 'Avgift' impliserer skatt, 'royalty' brukes for annen type betaling.","Åndsverkloven § 21"
"Offentlig fremføring","Musikkavspilling i det offentlige rom","Avspilling av musikk offentlig (offentlig fremføring)","Avspilling av lydopptak der publikum kan høre det - butikker, restauranter, treningssentre, venteværelser, hoteller etc.","Åndsverkloven § 21 første ledd","Juridisk","Medium","Grensen mellom offentlig og privat kan være uklar. Ansatte i butikk = offentlig, ikke 'privat'.","Ja","'offentlig spilling' (upresist); 'bakgrunnsmusikk' alene","Spiller du musikk i butikken? Da må du betale.","Offentlig fremføring betyr at musikk spilles der folk utenfor hjemmet ditt kan høre den.","Offentlig fremføring av lydopptak utløser vederlagsplikt etter åndsverkloven § 21.","Kringkasting; Vederlag; Bruker","Nei","Public performance; Communication to the public","Inkluderer ikke on-demand strømming (Spotify etc.) - det faller utenfor Gramos mandat.","Åndsverkloven § 21"
"Kringkasting","Radio og TV","Sending på radio og TV (kringkasting)","Overføring av lydopptak til allmennheten via radio eller TV. Gramos største inntektskilde.","Åndsverkloven § 21 første ledd","Juridisk","Lav","Kan forveksles med strømming/on-demand, som er noe annet og ikke forvaltes av Gramo.","Nei","'strømming' (det er on-demand); 'podcast' (avhenger av type)","Blir musikken din spilt på radio?","Når NRK eller andre radiokanaler spiller innspillingen din, samler Gramo inn vederlag.","Overføring til allmennheten ved kringkasting utløser vederlagsrett etter § 21.","Offentlig fremføring; Vederlag; NRK","Nei","Broadcasting","Radio er Gramos viktigste inntektskilde. NRK rapporterer detaljert, men lokale radioer mindre.","Åndsverkloven § 21"
"On-demand / Interaktiv tilgjengeliggjøring","Strømming","Strømmetjenester som Spotify (on-demand)","Tilgjengeliggjøring der brukeren selv velger tid og sted - Spotify, Apple Music, Tidal etc. Faller UTENFOR Gramos mandat.","Åndsverkloven § 16 bokstav c (unntaket i § 21)","Juridisk","Høy","Mange tror Gramo håndterer Spotify-inntekter. Det gjør vi IKKE - det er plateselskap/distributør.","Nei","'Gramo-inntekter fra Spotify' (feil); 'strømmevederlag fra Gramo' (feil)","Spotify-penger kommer ikke fra Gramo.","Gramo forvalter ikke strømmeinntekter. Det ordner plateselskapet eller distributøren din.","Tilgjengeliggjøring der den enkelte selv velger tid og sted (§ 21) er unntatt fra Gramos mandat.","Kringkasting; Enerett; Distributør","Ja","On-demand; Interactive making available","KRITISK misforståelse. Mange medlemmer forventer strømmeinntekter fra Gramo. Må kommuniseres tydelig.","Åndsverkloven § 16 bokstav c, § 21"
"Utøvende kunstner","Musiker, artist","Den som fremfører musikken (utøvende kunstner)","Den som fremfører et verk - synger, spiller instrument, dirigerer eller er musikalsk leder på en innspilling.","Åndsverkloven § 16","Rettighetshaver","Lav","Kan forveksles med 'artist' i markedsføringsforstand eller 'komponist' (TONO).","Kanskje","'artist' alene uten presisering; 'musiker' i juridiske dokumenter","Synger eller spiller du på innspillingen?","Som utøvende kunstner har du krav på vederlag når innspillingen din spilles offentlig.","Utøvende kunstner etter åndsverkloven § 16 har enerett til sin fremføring.","Produsent; Lydopptak; Fremføring","Ja","Performing artist; Performer","Inkluderer alle som fremfører: vokalister, instrumentalister, dirigenter, musikalske ledere.","Åndsverkloven § 16"
"Produsent (av lydopptak)","Plateselskap, labeleier, den som bekoster innspillingen","Den som finansierer og tar risikoen for innspillingen (produsent)","Den som initierer, tilrettelegger og bærer kostnadene med produksjonen av lydopptak. IKKE det samme som 'studioprodusent'.","Åndsverkloven § 20; HR-2023-2282-A","Rettighetshaver","Høy","STOR forvekslingsrisiko med 'studioprodusent/musikkprodusent'. Mange registrerer seg feil.","Ja","'produsent' alene uten forklaring; 'den som mikser'; 'studioprodusent'","Er du plateselskap eller gir du ut egen musikk?","Produsent i Gramo-sammenheng er den som betaler for innspillingen og eier masterrettighetene.","Produsent iht. åndsverkloven § 20 er den som forestår produksjonen - jf. HR-2023-2282-A.","Utøvende kunstner; Master; Lydopptak","Ja","Record producer (legal); Phonogram producer; Master owner","KRITISK begrep. Høyesterettsdommen 2023 presiserer: den som initierer og finansierer, ikke teknisk rolle.","Åndsverkloven § 20; HR-2023-2282-A"
"Personlig produsent","Selvutgivende artist","Artist som gir ut musikk selv (personlig produsent)","En utøvende kunstner som også bekoster og gir ut egen musikk - har både utøver- og produsentrettigheter.","Åndsverkloven §§ 16, 20","Rettighetshaver","Medium","Noen tror de automatisk er 'produsent' fordi de har spilt inn selv - men det avhenger av hvem som betaler.","Kanskje","'DIY-artist' i juridisk sammenheng; 'egen produsent'","Gir du ut musikk på egen hånd?","Hvis du betaler for innspillingen selv og gir den ut, er du personlig produsent.","Personlig produsent har både utøver- og produsentrettigheter til lydopptaket.","Produsent; Utøvende kunstner; Distributør","Ja","Self-releasing artist; Independent producer","Stadig vanligere kategori. Viktig å forstå at produsent-begrepet handler om finansiering, ikke musikalsk rolle.","Gramos vedtekter"
"Rettighetshaver","Deg som har rett til betaling","Person eller selskap med rettigheter (rettighetshaver)","Enhver person eller enhet som har nærstående rettigheter til lydopptak - utøvere, produsenter eller deres arvinger.","CRM-loven § 3 bokstav c","Rettighetshaver","Lav","Kan forveksles med 'opphaver' (komponist/tekstforfatter - TONO).","Nei","'opphaver' (det er TONO); 'eier' alene","Du som har rett til betaling fra Gramo.","Som rettighetshaver får du vederlag når musikken din brukes.","Rettighetshaver iht. CRM-loven § 3 omfatter utøvere, produsenter og deres suksessorer.","Utøvende kunstner; Produsent; Arving","Ja","Rights holder; Beneficiary","Samlebegrep for alle som har krav på vederlag fra Gramo.","CRM-loven § 3 bokstav c"
"Arving / Successor","Etterlatte","Etterlatte som arver musikkrettigheter (arving)","Person som har arvet nærstående rettigheter etter en avdød utøver eller produsent.","Åndsverkloven § 22 (vernetid), arveloven","Rettighetshaver","Medium","Kompleks situasjon med flere arvinger. Dokumentasjon kan mangle.","Ja","'familie' i juridisk sammenheng; 'slektninger'","Har du arvet musikkrettigheter?","Arvinger til utøvere og produsenter kan fortsette å motta vederlag i vernetiden.","Suksessor til rettighetshaver trer inn i dennes rettigheter iht. alminnelige arverettslige regler.","Vernetid; Rettighetshaver; Bo","Nei","Heir; Successor; Estate","Arvesaker krever dokumentasjon. Vernetiden løper 70 år etter publisering.","Åndsverkloven § 22; arveloven"
"Fordeling","Hvordan pengene deles","Fordeling av vederlag til rettighetshavere","Prosessen der innkrevd vederlag beregnes og tildeles de enkelte rettighetshavere basert på faktisk bruk.","CRM-loven § 21","Økonomi","Medium","Fordelingsreglene kan oppfattes som urettferdige. Transparens er viktig.","Kanskje","'splitting' i juridisk sammenheng; 'deling' (upresist)","Pengene fordeles etter hvor mye musikken din ble spilt.","Gramo fordeler vederlag basert på rapportert bruk fra radio, TV og andre brukere.","Fordeling skjer iht. fordelingsreglementet og baseres på faktisk bruk så langt praktisk mulig.","Utbetaling; Vederlag; Fordelingsreglement","Nei","Distribution; Allocation","Gramo fordeler 50/50 mellom utøvere og produsenter. Internt i hver gruppe fordeles etter roller.","CRM-loven § 21; Gramos fordelingsreglement"
"Utbetaling","Pengene du får","Overføring av vederlag til din konto (utbetaling)","Selve overføringen av fordelt vederlag til rettighetshavers konto. Gramo utbetaler fire ganger årlig.","CRM-loven § 21 andre ledd","Økonomi","Lav","Forventning om hyppigere utbetalinger. Minstegrense kan frustrere småartister.","Nei","'lønn'; 'honorar' (det er ikke ansettelse)","Du får utbetaling fire ganger i året.","Gramo utbetaler vederlag i mars, juni, september og desember.","Utbetaling skjer senest 9 måneder etter utløpet av regnskapsåret vederlaget ble innkrevd.","Fordeling; Minstegrense; Avregning","Nei","Payment; Disbursement","Fire årlige utbetalinger. Krav om minstegrense for utbetaling.","CRM-loven § 21"
"Minstegrense for utbetaling","Minstebeløp","Minstebeløp før du får utbetalt (minstegrense)","Det minste beløpet som må være opptjent før utbetaling skjer. Oppsparte beløp under grensen akkumuleres.","Gramos vedtekter","Økonomi","Medium","Frustrerer småartister. Kan oppfattes som at pengene 'forsvinner' - de oppspares.","Nei","'tap av penger'; 'konfiskering'; 'gebyrtrekk'","Beløp under 300 kr oppspares til neste gang.","Hvis du har tjent mindre enn minstegrensen, oppspares beløpet til det overstiger grensen.","Vederlag under minstegrensen akkumuleres og utbetales når samlet beløp overstiger terskelen.","Utbetaling; Fordeling; Administrasjonskostnader","Nei","Minimum threshold; Payment threshold","Minstegrensen er satt for å unngå uforholdsmessige administrasjonskostnader.","Gramos vedtekter"
"Administrasjonskostnader","Gramos kostnader","Kostnader til drift av Gramo (administrasjonskostnader)","Fradrag fra innkrevd vederlag som dekker Gramos kostnader til forvaltning, innkreving og fordeling.","CRM-loven §§ 20, 3 bokstav h","Økonomi","Medium","Kan oppfattes som 'skjulte gebyrer'. Transparens er lovpålagt.","Kanskje","'gebyr'; 'avgift til Gramo'; 'provisjon'","En del av vederlaget går til å drifte Gramo.","Administrasjonskostnader dekker drift, systemer og fordeling av vederlag.","Administrasjonskostnader skal ikke overstige begrunnede og dokumenterte kostnader, jf. CRM-loven § 20.","Vederlag; Fordeling; Åpenhetsrapport","Nei","Management costs; Administration fees","Lovpålagt transparens. Gramo publiserer årlig åpenhetsrapport.","CRM-loven § 20"
"Rettighetsvederlag","Innkrevd vederlag","Penger Gramo samler inn (rettighetsvederlag)","Samlebegrep for vederlag som kreves inn av en kollektiv forvaltningsorganisasjon på vegne av rettighetshavere.","CRM-loven § 3 bokstav g","Økonomi","Lav","Juridisk presist men teknisk. Bruk 'vederlag' i dagligtale.","Nei","'inntekter' alene; 'omsetning'","Pengene Gramo samler inn for deg.","Rettighetsvederlag er pengene Gramo krever inn fra de som spiller musikk offentlig.","Rettighetsvederlag iht. CRM-loven § 3 bokstav g omfatter alle innkrevde vederlag.","Vederlag; Innkreving; Fordeling","Nei","Rights revenue; Collected royalties","Juridisk terminologi fra CRM-loven.","CRM-loven § 3 bokstav g"
"ISRC","Musikkens ID-nummer","Innspillingens unike kode (ISRC)","International Standard Recording Code - et unikt 12-tegns identifikasjonsnummer for hver innspilling.","ISO 3901","Teknisk","Høy","Uten ISRC kan ikke Gramo identifisere innspillingen. Mange mangler forståelse av viktigheten.","Nei","'ISRC-kode' er redundant (C=Code); 'låtkode' (upresist)","ISRC er som et personnummer for musikken din.","Alle innspillinger trenger ISRC for at Gramo skal kunne betale deg riktig.","ISRC etter ISO 3901 er påkrevd for korrekt identifikasjon og vederlagsfordeling.","Registrantkode; Lydopptak; Metadata","Ja","International Standard Recording Code","KRITISK for fordeling. Toppoppgave #1. De fleste distributører tildeler automatisk.","ISO 3901"
"Registrantkode","Din utgiver-ID","Kode som identifiserer deg som utgiver (registrantkode)","3-tegns kode tildelt av Gramo som identifiserer deg som produsent/utgiver. Brukes i ISRC.","ISO 3901","Teknisk","Medium","Forveksles med ISRC. Noen tror de trenger ny kode for hver utgivelse.","Nei","'ISRC-kode' (registrantkode er en del av ISRC); 'label-kode'","Din 3-tegns kode som utgiver.","Registrantkoden er din unike ID. Du bruker samme kode på alle utgivelser.","Registrantkode (3 alfanumeriske tegn) tildeles av ISRC-byrået og inngår i ISRC-strukturen.","ISRC; Label; Produsent","Ja","Registrant code; Issuer code","Tildeles én gang. Samme kode brukes for alle labels under samme eier.","ISO 3901"
"Metadata","Informasjon om musikken","Data som beskriver innspillingen (metadata)","All informasjon knyttet til et lydopptak: artist, tittel, utøvere, produsent, ISRC, utgivelsesdato etc.","CRM-loven § 38","Teknisk","Medium","Ufullstendig eller feil metadata fører til at vederlag ikke når riktig mottaker.","Nei","'data' alene; 'info'","Informasjon om hvem som spilte og sang på låten.","Korrekt metadata sikrer at alle som var med på innspillingen får betalt.","Metadata skal følge frivillige bransjestandarder for å sikre korrekt fordeling, jf. CRM-loven § 38.","ISRC; Kreditt; Registrering","Nei","Metadata","Datakvalitet er avgjørende for riktig fordeling. 'Garbage in, garbage out.'","CRM-loven § 38"
"Rapportering","Spillelister fra radio/TV","Lister over hva som er spilt (rapportering)","Dokumentasjon fra brukere (radio, TV, etc.) om hvilke lydopptak som er spilt og hvor ofte.","CRM-loven § 31","Teknisk","Medium","Ufullstendig rapportering fra små radioer gjør det vanskelig å fordele korrekt.","Nei","'logging' i norsk tekst; 'registrering' (forveksles med Gramo-registrering)","Radio forteller oss hva de har spilt.","Radiokanaler rapporterer til Gramo hvilken musikk de har spilt.","Brukere plikter å rapportere om faktisk bruk iht. CRM-loven § 31.","Bruker; Fordeling; Spilleliste","Nei","Reporting; Usage reporting","NRK rapporterer detaljert. Kvaliteten på rapportering fra mindre aktører varierer.","CRM-loven § 31"
"Kollektiv forvaltningsorganisasjon","Organisasjon som forvalter musikkrettigheter","Organisasjon som Gramo (kollektiv forvaltningsorganisasjon)","Organisasjon som forvalter opphavsrett eller nærstående rettigheter på vegne av flere rettighetshavere.","CRM-loven § 3 bokstav a","Organisatorisk","Lav","Juridisk term. Bruk 'Gramo' eller enklere forklaring i dagligtale.","Nei","'forvaltningsselskap'; 'rettighetsorganisasjon' alene","Gramo tar vare på musikkrettighetene dine.","Gramo er en kollektiv forvaltningsorganisasjon som samler inn og fordeler vederlag.","Gramo er godkjent som kollektiv forvaltningsorganisasjon iht. CRM-loven.","TONO; Kopinor; IFPI","Ja","Collective Management Organisation (CMO)","Regulert av CRM-loven. Gramo er én av flere CMO-er i Norge.","CRM-loven § 3 bokstav a"
"Medlem","Registrert hos Gramo","Person eller selskap registrert hos Gramo (medlem)","Rettighetshaver eller organisasjon som oppfyller kravene til og er registrert som medlem i Gramo.","CRM-loven § 10","Organisatorisk","Lav","Noen tror de må være 'medlem' for å få vederlag. Tilknytning kan også skje via representasjonsavtaler.","Nei","'kunde'; 'abonnent'; 'bruker' (det er de som betaler vederlag)","Er du registrert hos Gramo?","Som medlem i Gramo får du vederlag når musikken din spilles.","Medlemskap gir rett til deltakelse i årsmøte og beslutningsprosesser iht. CRM-loven § 10.","Rettighetshaver; Årsmøte; Vedtekter","Nei","Member","Medlemskap gir medbestemmelsesrett i tillegg til vederlagsrettigheter.","CRM-loven § 10"
"Årsmøte","Årlig møte for medlemmer","Gramos øverste organ (årsmøte)","Det øverste organet i Gramo der medlemmene utøver sin stemmerett og fatter vedtak.","CRM-loven § 12","Organisatorisk","Lav","Lav deltakelse. Mange vet ikke at de har medbestemmelsesrett.","Nei","'generalforsamling' (brukes i aksjeselskap)","Du kan være med og bestemme i Gramo.","På årsmøtet kan du som medlem stemme over viktige saker som fordelingsregler.","Årsmøtet er Gramos øverste beslutningsorgan iht. CRM-loven § 12.","Medlem; Styre; Vedtekter","Nei","General assembly; Annual meeting","Viktig for demokratisk legitimitet. Medlemmer kan delta og påvirke.","CRM-loven § 12"
"Fordelingsreglement","Regler for hvordan pengene deles","Reglene for fordeling av vederlag (fordelingsreglement)","Dokumentet som fastsetter prinsippene for hvordan vederlag skal fordeles mellom rettighetshavere.","CRM-loven § 12 fjerde ledd bokstav a","Organisatorisk","Medium","Komplekst dokument. Kan oppfattes som urettferdig hvis ikke forstått.","Kanskje","'utbetalingsregler'; 'betalingsplan'","Reglene som bestemmer hvem som får hvor mye.","Fordelingsreglementet forklarer hvordan vederlag fordeles mellom utøvere og produsenter.","Fordelingsreglementet vedtas av årsmøtet iht. CRM-loven § 12 fjerde ledd bokstav a.","Fordeling; Årsmøte; Vedtekter","Nei","Distribution rules; Allocation scheme","50/50-deling mellom utøvere og produsenter er hovedregelen.","CRM-loven § 12; Gramos fordelingsreglement"
"Vedtekter","Gramos regler","Gramos grunnleggende regler (vedtekter)","Dokumentet som fastsetter de grunnleggende reglene for organisasjonens drift og styring.","CRM-loven § 3 bokstav e","Organisatorisk","Lav","Få leser vedtektene. Kan føre til misforståelser om rettigheter og plikter.","Ja","'statutter'; 'regelverk' alene","Reglene for hvordan Gramo drives.","Vedtektene beskriver hvordan Gramo er organisert og hvilke rettigheter du har som medlem.","Vedtektene fastsettes av årsmøtet og regulerer organisasjonens virksomhet.","Årsmøte; Styre; Medlem","Nei","Articles of association; Statutes","Grunnlaget for all virksomhet. Endringer krever årsmøtevedtak.","CRM-loven § 3 bokstav e"
"Åpenhetsrapport","Årsrapport","Gramos årlige rapport om virksomheten (åpenhetsrapport)","Lovpålagt årlig rapport som dokumenterer Gramos virksomhet, økonomi og forvaltning.","CRM-loven § 36","Organisatorisk","Lav","Teknisk dokument. Viktig for tillit og transparens.","Nei","'kvartalsrapport'; 'finansrapport'","Her kan du se hva Gramo gjør og hvor pengene går.","Åpenhetsrapporten viser hvor mye Gramo har samlet inn og fordelt.","Åpenhetsrapport iht. CRM-loven § 36 skal offentliggjøres senest 8 måneder etter regnskapsårets slutt.","Administrasjonskostnader; Fordeling; Transparens","Nei","Transparency report; Annual report","Lovpålagt transparens. Publiseres på gramo.no.","CRM-loven § 36"
"Vernetid","Hvor lenge rettighetene varer","Rettighetenes varighet (vernetid)","Tidsperioden nærstående rettigheter er beskyttet. 70 år fra publisering for lydopptak.","Åndsverkloven § 22","Vernetid","Medium","Komplekse overgangsregler. Eldre opptak kan ha kortere vernetid.","Ja","'opphavsrett' (det er 70 år etter opphavspersonens død)","Rettigheter varer i 70 år.","Lydopptak er beskyttet i 70 år fra utgivelse.","Vernetiden for lydopptak er 70 år fra publisering, jf. åndsverkloven § 22.","Nærstående rettigheter; Arving; Public domain","Ja","Term of protection","Utvidet fra 50 til 70 år i 2013. Eldre opptak har overgangsregler.","Åndsverkloven § 22"
"Roma-konvensjonen","Internasjonal avtale om musikkrettigheter","Avtale som sikrer rettigheter på tvers av land (Roma-konvensjonen)","Internasjonal konvensjon fra 1961 som sikrer gjensidig beskyttelse av nærstående rettigheter mellom land.","Roma-konvensjonen 1961","Vernetid","Medium","Ikke alle land er med. Rettigheter varierer internasjonalt.","Kanskje","'internasjonal lov' (det er en konvensjon); 'verdensomspennende'","Gramo samarbeider med organisasjoner i andre land.","Roma-konvensjonen gjør at du kan få vederlag når musikken din spilles i utlandet.","Gjensidig beskyttelse iht. Roma-konvensjonen sikrer fordeling på tvers av tilsluttede land.","Representasjonsavtale; SCAPR; Tilknytning","Nei","Rome Convention","Grunnlag for internasjonalt samarbeid. Ikke alle land er tilsluttet.","Roma-konvensjonen 1961"
"Representasjonsavtale","Avtale med søsterorganisasjoner","Avtale som sikrer betaling fra utlandet (representasjonsavtale)","Avtale mellom Gramo og tilsvarende organisasjoner i andre land om gjensidig innkreving og fordeling.","CRM-loven § 3 bokstav i","Vernetid","Lav","Forventning om dekning i alle land. Ikke alle land har avtaler.","Nei","'verdensomspennende'; 'global dekning'","Gramo har avtaler med organisasjoner i mange land.","Gjennom representasjonsavtaler kan du få vederlag når musikken din spilles i utlandet.","Representasjonsavtaler iht. CRM-loven § 3 bokstav i sikrer fordeling på tvers av land.","Roma-konvensjonen; SCAPR; IFPI","Nei","Representation agreement; Reciprocal agreement","Viktig for internasjonale artister. Avtalenettverk utbygges kontinuerlig.","CRM-loven § 3 bokstav i"
"Bruker","De som spiller musikk","Virksomhet som spiller musikk offentlig (bruker)","Person eller virksomhet som bruker lydopptak på en måte som utløser vederlagsplikt - radio, butikker, hoteller etc.","CRM-loven § 3 bokstav j","Bruk","Lav","Kan forveksles med 'bruker' i digital sammenheng (sluttbruker/forbruker).","Nei","'kunde' (de er ikke kunder, de er vederlagspliktige); 'abonnent'","Butikker og radioer som spiller musikk.","Brukere er virksomheter som spiller innspilt musikk offentlig og betaler vederlag for det.","Bruker iht. CRM-loven § 3 bokstav j utfører handlinger som utløser vederlagsplikt.","Vederlag; Offentlig fremføring; Lisens","Ja","User; Licensee","Skille mellom rettighetshavere (får vederlag) og brukere (betaler vederlag).","CRM-loven § 3 bokstav j"
"Tariff","Prisliste","Prisliste for bruk av musikk (tariff)","Fastsatte satser for hva brukere skal betale for ulike typer musikkbruk.","CRM-loven §§ 28, 35 bokstav c","Bruk","Medium","Kan oppfattes som vilkårlig. Transparens er viktig.","Ja","'pris' alene; 'avgift'","Hvor mye det koster å spille musikk.","Tariffen viser hva ulike virksomheter må betale for å spille musikk offentlig.","Tariffer skal baseres på objektive kriterier og vederlaget skal være rimelig, jf. CRM-loven § 28.","Bruker; Vederlag; Lisens","Nei","Tariff; Rate schedule","Publiseres på gramo.no. Kan bringes inn for Vederlagsnemnda ved uenighet.","CRM-loven §§ 28, 35"
"Vederlagsnemnda","Klageorgan for vederlagssaker","Organ som løser tvister om vederlag (Vederlagsnemnda)","Offentlig nemnd som kan fastsette vederlag ved uenighet mellom Gramo og brukere.","Åndsverkloven § 62","Organisatorisk","Lav","Juridisk instans. Kun relevant ved tvister.","Ja","'domstol' (det er en nemnd); 'klagenemnd'","Organ som løser uenigheter om betaling.","Hvis Gramo og en bruker er uenige om vederlag, kan saken bringes inn for Vederlagsnemnda.","Tvist om vederlag kan bringes inn for Vederlagsnemnda, som fastsetter vederlaget bindende, jf. åvl. § 62.","Tariff; Vederlag; Bruker","Nei","Copyright Tribunal; Remuneration Board","Uavhengig nemnd. Avgjørelser er bindende.","Åndsverkloven § 62"
"TONO","Organisasjon for komponister og tekstforfattere","Søsterorganisasjon som forvalter opphavsrett (TONO)","Kollektiv forvaltningsorganisasjon som forvalter opphavsrett for komponister, tekstforfattere og musikkforlag.","Åndsverkloven § 3","Organisatorisk","Høy","STOR forvekslingsrisiko. Mange forstår ikke forskjellen mellom TONO og Gramo.","Nei","'Gramo/TONO' som om de er samme; 'musikkrettigheter' uten presisering","TONO = de som skriver musikken. Gramo = de som spiller den inn.","TONO forvalter rettigheter for komponister og tekstforfattere. Gramo forvalter for utøvere og produsenter.","TONO forvalter opphavsrett etter åvl. § 3, mens Gramo forvalter nærstående rettigheter etter åvl. kap. 2.","Gramo; Opphavsrett; Nærstående rettigheter","Ja","TONO (Norwegian PRO)","KRITISK skille. Samme musikk gir to typer rettigheter: opphavsrett (TONO) og nærstående (Gramo).","Åndsverkloven § 3"
"Opphavsrett","Rettigheter til komposisjonen","Rettigheter til selve verket/komposisjonen (opphavsrett)","Enerett til selve musikkverket - komposisjonen og teksten. Forvaltes av TONO, ikke Gramo.","Åndsverkloven § 3","Juridisk","Høy","Forveksling med nærstående rettigheter er den vanligste misforståelsen.","Nei","'åndsverksrett' (gammelt); bruke 'opphavsrett' om utøverrettigheter","Rettigheter til låten som verk - melodi og tekst.","Opphavsrett gjelder selve komposisjonen. Det er TONO som forvalter dette, ikke Gramo.","Opphavsrett iht. åndsverkloven § 3 tilkommer opphavspersonen til åndsverket.","TONO; Nærstående rettigheter; Komponist","Ja","Copyright","GRAMO forvalter IKKE opphavsrett. Viktig skille mot TONO.","Åndsverkloven § 3"
"Solist/Frontfigur","Hovedartist","Hovedartist på innspillingen (solist/frontfigur)","Utøver som er ledende på innspillingen - vokalist, instrumentsolist eller den som innspillingen markedsføres under.","Gramos fordelingsreglement","Rettighetshaver","Medium","Hvem som er 'solist' kan være omstridt. Fordelingsreglene gir høyere andel.","Kanskje","'hovedartist' i juridisk sammenheng uten presisering","Den som synger eller spiller hovedrollen på låten.","Solister får høyere andel av vederlaget enn akkompagnatører.","Solist defineres i fordelingsreglementet og gis høyere fordelingsvekt.","Akkompagnatør; Utøvende kunstner; Fordeling","Nei","Featured artist; Soloist","Fordelingsreglene skiller mellom solister og akkompagnatører.","Gramos fordelingsreglement"
"Akkompagnatør/Studiomusiker","Medvirkende musiker","Musikere som akkompagnerer på innspillingen (akkompagnatør)","Utøver som medvirker på innspillingen uten å være solist/frontfigur.","Gramos fordelingsreglement","Rettighetshaver","Medium","Grensen mellom solist og akkompagnatør kan være uklar. Påvirker fordelingen.","Kanskje","'backingmusiker' i juridisk sammenheng","Musikere som spiller på låten uten å være hovedartist.","Akkompagnatører får sin del av vederlaget basert på antall og rolle.","Akkompagnatører tildeles fordelingsvekt iht. fordelingsreglementets bestemmelser.","Solist; Utøvende kunstner; Orkester","Nei","Session musician; Accompanying artist","Alle medvirkende har rett til vederlag, men med lavere vekt enn solister.","Gramos fordelingsreglement"
"Dirigent","Dirigent","Musikalsk leder for orkester/ensemble (dirigent)","Utøver som leder et orkester eller ensemble ved innspilling.","Åndsverkloven § 16","Rettighetshaver","Lav","Særregler for klassisk musikk. Dirigent regnes som utøvende kunstner.","Nei","'bandleder' er noe annet","Den som leder orkesteret.","Dirigenter har rett til vederlag når orkesterinnspillinger spilles.","Dirigent regnes som utøvende kunstner iht. åndsverkloven § 16.","Utøvende kunstner; Orkester; Klassisk musikk","Nei","Conductor","Relevant særlig for klassisk musikk og storband.","Åndsverkloven § 16"
"Label / Platemerke","Merkenavn for musikken","Merkenavn musikken gis ut under (label)","Merkenavn som musikk markedsføres under. Kan tilhøre et plateselskap eller være artistens eget.","Bransjestandard","Teknisk","Lav","Kan forveksles med plateselskap. Label er merkenavn, produsent er rettighetshaver.","Nei","'plateselskap' når man mener label","Navnet musikken gis ut under.","Label er merkenavnet du gir ut musikk under. Du kan ha samme registrantkode for flere labels.","Label identifiserer utgivelsens merkevare, mens produsent er rettighetshaver til masteren.","Produsent; Registrantkode; ISRC","Ja","Record label; Imprint","Selvutgivende artister kan lage eget labelnavn.","Bransjestandard"
"Distributør","Den som sender musikken til strømmetjenester","Selskap som distribuerer musikk til plattformer (distributør)","Selskap som formidler lydopptak til strømmetjenester og digitale plattformer på vegne av produsent.","Bransjestandard","Teknisk","Medium","Forveksles med plateselskap/produsent. Distributør tildeler ofte ISRC.","Nei","'aggregator' uten forklaring (bransjesjargong)","Selskapet som får musikken din på Spotify.","Distributører som DistroKid og Phonofile sender musikken din til strømmetjenester og lager ofte ISRC.","Distributør formidler lydopptak til digitale plattformer, men er ikke nødvendigvis produsent/rettighetshaver.","Produsent; ISRC; Strømmetjeneste","Ja","Distributor; Aggregator","De fleste selvutgivende bruker distributører. Viktig å forstå at de ikke er Gramo.","Bransjestandard"
"Master / Masterinnspilling","Originalinnspillingen","Den endelige innspillingen (master)","Det ferdige lydopptaket som brukes til utgivelse og fra hvilket kopier lages.","Åndsverkloven § 20","Teknisk","Medium","Hvem som eier masteren er avgjørende for produsentrettigheter.","Ja","'originalen' alene (upresist)","Den ferdige innspillingen av låten.","Masteren er den endelige innspillingen. Den som eier masteren har produsentrettigheter.","Mastereierskap korresponderer normalt med produsentrett iht. åndsverkloven § 20.","Produsent; Lydopptak; Rettigheter","Nei","Master recording; Master","Mastereierskap = produsentrettigheter i de fleste tilfeller.","Åndsverkloven § 20; bransjestandard"
"Registrering","Melde inn musikk","Innmelding av lydopptak til Gramo (registrering)","Prosessen der rettighetshavere melder inn lydopptak med tilhørende metadata til Gramo.","Gramos vedtekter","Organisatorisk","Medium","Ufullstendig registrering kan føre til at vederlag ikke fordeles korrekt.","Nei","'rapportering' (det er fra brukersiden); 'innmelding' av bruk","Meld inn musikken din til Gramo.","Ved å registrere innspillinger sikrer du at vederlag fordeles til riktige personer.","Registrering av lydopptak med korrekt metadata er forutsetning for korrekt vederlagsfordeling.","Metadata; ISRC; Fordeling","Ja","Registration; Repertoire registration","God registrering = god fordeling. Viktig at alle medvirkende registreres.","Gramos vedtekter"
"Rettighetskrav / Claim","Krav om din del","Krav om andel i innspilling (rettighetskrav)","Påstand om at man har rettigheter til et lydopptak og dermed krav på vederlag.","Gramos vedtekter","Organisatorisk","Medium","Motstridende krav må avklares. Kan forsinke utbetaling.","Ja","'eierskap' alene; 'påstand'","Si ifra at du var med på innspillingen.","Hvis du har medvirket på en innspilling, kan du fremme rettighetskrav hos Gramo.","Rettighetskrav må dokumenteres og kan bestrides av andre påståtte rettighetshavere.","Registrering; Tvist; Dokumentasjon","Nei","Claim; Rights claim","Ved konfliktende krav må partene dokumentere sine rettigheter.","Gramos vedtekter"
"Klage / Innsigelse","Klage","Formell protest mot en avgjørelse (klage)","Formell henvendelse der rettighetshaver bestrider Gramos beslutning eller fordeling.","CRM-loven § 48","Organisatorisk","Lav","Klageprosesser må håndteres effektivt for å bevare tillit.","Ja","'protest' (for uformelt); 'anke' (det er for domstol)","Si ifra hvis du mener noe er feil.","Hvis du er uenig i fordelingen, kan du klage til Gramo.","Klage skal besvares skriftlig innen rimelig tid iht. CRM-loven § 48.","Fordeling; Rettighetskrav; Tvisteløsning","Nei","Complaint; Dispute","Lovpålagte krav til klagehåndtering. Svar skal gis innen rimelig tid.","CRM-loven § 48"
"Fremføring","Musikkfremføring","Når musikken fremføres live eller avspilles (fremføring)","Utøvende kunstners tolkning og gjengivelse av et verk, enten live eller innspilt.","Åndsverkloven § 16","Juridisk","Lav","Skillet mellom live og innspilt fremføring kan være uklart.","Nei","'opptreden' i juridisk sammenheng","Når musikken spilles - live eller innspilt.","Fremføring er når en utøver tolker og gjengir et musikkverk.","Utøvende kunstners fremføring er beskyttet etter åndsverkloven § 16.","Utøvende kunstner; Lydopptak; Offentlig fremføring","Nei","Performance","Gramo forvalter rettigheter til innspilte fremføringer, ikke live.","Åndsverkloven § 16"
"Tilgjengeliggjøring","Gjøre musikken tilgjengelig","Når musikk gjøres tilgjengelig for publikum (tilgjengeliggjøring)","Samlebegrep for ulike måter musikk gjøres tilgjengelig - kringkasting, offentlig fremføring, on-demand etc.","Åndsverkloven §§ 16, 21","Juridisk","Medium","Ulike former for tilgjengeliggjøring har ulike rettslige konsekvenser.","Kanskje","'publisering' alene (for snevert)","Når folk kan høre musikken din.","Tilgjengeliggjøring omfatter både radio, butikkavspilling og strømming.","Tilgjengeliggjøring for allmennheten reguleres av åndsverkloven §§ 16 og 21.","Offentlig fremføring; Kringkasting; On-demand","Nei","Making available; Communication to the public","Viktig å forstå hvilke former for tilgjengeliggjøring Gramo forvalter.","Åndsverkloven §§ 16, 21"
"Enerett","Eksklusiv rett","Rett til å bestemme over bruken (enerett)","Rettighet der rettighetshaver har eksklusiv kontroll over spesifikke bruksmåter.","Åndsverkloven §§ 16, 20","Juridisk","Medium","Skillet mellom enerett og vederlagsrett er juridisk viktig.","Ja","'monopol' (misvisende); 'absolutt rett'","Du bestemmer selv over enkelte bruksmåter.","Enerett betyr at du kan nekte visse typer bruk - eller gi tillatelse mot betaling.","Utøvere og produsenter har enerett til visse disponeringer, jf. åndsverkloven §§ 16, 20.","Vederlagsrett; Lisens; Tvangslisens","Nei","Exclusive right","Gramos mandat under § 21 er vederlagsrett (ikke enerett) for offentlig fremføring.","Åndsverkloven §§ 16, 20"
"Tvangslisens / Avtalelisens","Lovpålagt rett til bruk","Bruksrett fastsatt ved lov (tvangslisens)","Ordning der brukere har lovbestemt rett til å bruke lydopptak mot betaling av vederlag.","Åndsverkloven § 21","Juridisk","Medium","Rettighetshavere kan ikke nekte slik bruk - kun kreve vederlag.","Ja","'ufrivillig lisens'; 'påtvunget'","Brukere har lov til å spille musikk mot å betale.","Tvangslisens betyr at radio kan spille musikken din uten å spørre - men de må betale.","Offentlig fremføring av lydopptak er underlagt vederlagsplikt, ikke enerett, jf. § 21.","Vederlag; Enerett; Gramo","Nei","Statutory license; Compulsory license","Grunnlaget for Gramos mandat - brukere kan ikke nektes, men må betale.","Åndsverkloven § 21"
"SCAPR","Internasjonalt samarbeid","Internasjonalt nettverk for utøverorganisasjoner (SCAPR)","Societies' Council for the Collective Management of Performers' Rights - internasjonalt nettverk Gramo er medlem av.","Bransjestandard","Organisatorisk","Lav","Forkortelse. Forklar ved bruk.","Nei","Bruk av forkortelsen uten forklaring","Gramo samarbeider med lignende organisasjoner verden over.","Gjennom SCAPR-nettverket kan Gramo sikre at du får vederlag fra utlandet.","SCAPR er det internasjonale nettverket for kollektive forvaltningsorganisasjoner for utøvende kunstnere.","Representasjonsavtale; Roma-konvensjonen; IFPI","Nei","Societies' Council for the Collective Management of Performers' Rights","Viktig for internasjonalt samarbeid og vederlagsinnkreving fra utlandet.","scapr.org"
"IFPI","Platebransjens organisasjon","Internasjonal organisasjon for plateselskaper (IFPI)","International Federation of the Phonographic Industry - organisasjon for plateprodusenter globalt.","Bransjestandard","Organisatorisk","Lav","Forveksles med Gramo. IFPI representerer produsenter, ikke utøvere.","Nei","Forveksle med Gramo; bruke uten forklaring","Organisasjon for plateselskaper.","IFPI representerer plateprodusenter internasjonalt. Gramo er norsk forvaltningsorganisasjon.","IFPI er den internasjonale bransjeorganisasjonen for fonogramprodusenter.","Produsent; SCAPR; Representasjonsavtale","Ja","International Federation of the Phonographic Industry","IFPI Norge er medlem av Gramo på produsentsiden.","ifpi.org"
"GramArt","Interesseorganisasjon for utøvende kunstnere","Utøvernes interesseorganisasjon (GramArt)","Interesseorganisasjon for utøvende kunstnere i Norge. Ikke det samme som Gramo.","Bransjestandard","Organisatorisk","Høy","STOR navnelikhet med Gramo. Mange forveksler organisasjonene.","Nei","'Gramart' (feil staving); forveksle med Gramo","GramArt er en interesseorganisasjon - Gramo forvalter vederlag.","GramArt jobber for utøvernes interesser politisk. Gramo samler inn og fordeler vederlag.","GramArt er interesseorganisasjon og medlem av Gramo på utøversiden.","Gramo; Utøvende kunstner; IFPI","Ja","GramArt (Norwegian performers' organization)","KRITISK forvekslingsrisiko. Navnelikheten skaper mye forvirring.","gramart.no"
"Min side","Din profil hos Gramo","Innlogget område på gramo.no (Min side)","Gramos digitale selvbetjeningsportal der rettighetshavere kan se registreringer, utbetalinger og oppdatere informasjon.","Gramos tjenester","Teknisk","Lav","Brukervennlighet er ofte kritisert. Under utvikling.","Nei","'Mine sider' (feil flertall); 'Gramo-konto' (upresist)","Logg inn på gramo.no for å se dine utbetalinger.","På Min side kan du se registreringer, utbetalinger og oppdatere kontoinformasjon.","Min side er Gramos selvbetjeningsportal for rettighetshavere.","Registrering; Utbetaling; Gramo","Nei","My page; Member portal","Viktig touchpoint. Brukervennlighet er forbedringsområde basert på medlemsundersøkelser.","gramo.no"
"Apollon","Gramos nye system","Gramos nye kjernesystem (Apollon)","Gramos kommende kjernesystem for innkreving, fordeling og medlemsportal. Planlagt lansering 2026.","Gramos interne prosjekt","Teknisk","Lav","Internt systemnavn. Relevant kun i overgangsperioden.","Nei","Bruke navnet i ekstern kommunikasjon uten kontekst","Gramo utvikler nye og bedre systemer.","Med det nye systemet blir det enklere å registrere og følge med på utbetalinger.","Apollon er Gramos kjernesystemprosjekt med planlagt go-live 2026.","Min side; Registrering; Utbetaling","Nei","Apollon (system name)","Internt prosjektnavn. Ny medlemsportal erstatter nåværende Min side.","Gramos interne dokumentasjon"
"Kulturfondet","Støtteordning","Fond for kulturelle formål (Kulturfondet)","Midler avsatt til kulturelle formål, finansiert av vederlag som ikke kan fordeles til enkeltpersoner.","CRM-loven § 12 fjerde ledd bokstav b, e","Økonomi","Medium","Noen mener pengene burde gå direkte til rettighetshavere.","Nei","'Gramo-fondet' (upresist)","Penger som går til å støtte musikkmiljøet.","Kulturfondet finansierer prosjekter som kommer hele musikkmiljøet til gode.","Bruk av midler som ikke kan fordeles reguleres av årsmøtet iht. CRM-loven § 12.","Fordeling; Årsmøte; Stipend","Nei","Cultural fund","Finansieres av vederlag som ikke kan tildeles enkeltpersoner (ukjente rettighetshavere etc.).","CRM-loven § 12; Gramos vedtekter"
